Accession,T37.0,T47.4,T51.0,T53.9,T56.8,T59.9,T62.5,T65.6,T69.0,RSD
ABCA7,0.9999,0.7156,0.3874,0.1988,0.081,0.2784,0.1277,0.0781,0.0844,0.0
ABCA8,0.9999,0.8059,0.6851,0.6918,0.638,0.5822,0.1684,0.074,0.0901,0.0
ABCB1,0.9999,0.8058,0.7185,0.5024,0.1865,0.2389,0.1281,0.0062,0.0064,0.0
ABCB6,0.9999,0.7543,0.5496,0.4811,0.4745,0.3256,0.374,0.3268,0.4683,0.0
ABCC1,0.9999,0.9353,0.8746,0.7278,0.5448,0.1185,0.035,0.0325,0.0377,0.0
ABCC10,0.9999,0.9691,0.8317,0.8728,0.3303,0.742,0.6563,0.9317,0.6071,0.0
ABCC4,0.9999,0.8351,0.7475,0.7354,0.6898,0.6232,0.2724,0.057,0.075,0.0
ABCC5,0.9999,0.857,0.7146,0.5567,0.3554,0.1594,0.0643,0.0618,0.0917,0.0
ACE,0.9999,0.8624,0.837,0.7872,0.5664,0.4302,0.3506,0.2815,0.2799,0.0
ACLY,0.9999,0.9755,0.8997,0.2425,0.0445,0.1098,0.0898,0.0656,0.0606,0.0
ACOX1,0.9999,0.8838,0.6244,0.4875,0.4228,0.7599,1.4647,1.5753,1.2505,0.0
ACPP,0.9999,0.831,0.4763,0.2858,0.1382,0.2666,0.3871,0.4965,0.564,0.0
ACTN1,0.9999,1.0238,1.0317,0.6537,0.44,0.3035,0.0497,0.0363,0.0441,0.0
ACVR1,0.9999,0.4766,0.0645,0.0085,0.0084,0.0088,0.016,0.0188,0.0221,0.0
ADAM10,0.9999,0.7769,0.649,0.5781,0.4853,0.3807,0.2773,0.2194,0.2446,0.0
ADAM15,0.9999,0.8199,0.7208,0.7216,0.4799,0.2988,0.2267,0.1429,0.1307,0.0
ADAM17,0.9999,0.8938,0.7036,0.4305,0.3028,0.2944,0.2463,0.1486,0.1185,0.0
ADAM9,0.9999,0.8518,0.7557,0.752,0.6902,0.7622,0.6762,0.443,0.4325,0.0
ADCY3,0.9999,0.7948,0.3001,0.0779,0.087,0.0968,0.0467,0.0349,0.0385,0.0
ADCY7,0.9999,0.8294,0.4064,0.1284,0.0941,0.1868,0.0908,0.0753,0.099,0.0
ADSS,0.9999,0.9327,0.8781,0.7921,0.7319,0.3705,0.0444,0.0506,0.0773,0.0
AHNAK,0.9999,0.9503,0.7234,0.6171,0.6276,0.8557,0.7554,0.7405,0.5766,0.0
AHSG,0.9999,0.8852,0.8286,0.9407,0.9829,1.5066,2.1963,2.4889,3.2492,0.0
AK1,0.9999,0.8102,0.471,0.2051,0.105,0.1808,0.13,0.0904,0.0986,0.0
AKR1A1,0.9999,0.9603,0.8176,0.2549,0.0935,0.1453,0.1054,0.0359,0.0587,0.0
ALCAM,0.9999,0.8731,0.7427,0.7753,0.7418,0.9722,0.5828,0.3907,0.439,0.0
ALS2CR4,0.9999,0.9062,0.7708,0.5566,0.5009,0.737,0.6504,0.2577,0.4192,0.0
AMIGO2,0.9999,0.9042,0.772,0.5226,0.371,0.3139,0.2277,0.185,0.2244,0.0
ANK1,0.9999,0.449,0.2803,0.1436,0.047,0.1203,0.0662,0.0483,0.0446,0.0
ANO6,0.9999,0.906,0.8371,0.808,0.3256,0.0727,0.0413,0.0458,0.038,0.0
ANPEP,0.9999,0.89,0.8498,0.8762,0.8234,0.9279,0.9001,0.7019,0.596,0.0
ANTXR2,0.9999,0.8368,0.6144,0.6935,0.7663,0.9061,0.8948,0.649,0.645,0.0
ANXA1,0.9999,0.6449,0.1087,0.0219,0.0149,0.0281,0.0197,0.0195,0.0211,0.0
ANXA2,0.9999,0.849,0.7732,0.3296,0.0482,0.0659,0.0311,0.0449,0.0595,0.0
ANXA3,0.9999,0.9509,0.8105,0.2017,0.0034,0.0499,0.0371,0.0198,0.0252,0.0
ANXA5,0.9999,0.5663,0.084,0.04,0.0292,0.0198,0.0082,0.0088,0.0137,0.0
ANXA7,0.9999,0.7373,0.4294,0.1173,0.0869,0.0559,0.0476,0.0535,0.0759,0.0
AP2A1,0.9999,0.8309,0.5625,0.1526,0.08,0.0732,0.0497,0.0462,0.0534,0.0
AP2B1,0.9999,0.972,0.72,0.1566,0.0177,0.0405,0.0553,0.0394,0.0387,0.0
AP2M1,0.9999,0.797,0.5807,0.3583,0.254,0.0855,0.0752,0.0448,0.0246,0.0
APLP2,0.9999,1.0245,0.6994,0.4733,0.3866,0.4331,0.6956,1.0514,1.2366,0.0
APOA1BP,0.9999,0.8772,0.8842,0.7533,0.7386,0.564,0.4984,0.5615,0.4857,0.0
APOB48R,0.9999,0.8432,0.6351,0.3901,0.367,0.7187,1.4446,2.0383,2.3906,0.0
APOE,0.9999,1.0415,0.5965,0.4683,0.4575,0.5974,0.7327,0.8449,1.1562,0.0
ARL15,0.9999,0.8565,0.6857,0.524,0.3762,0.4052,0.435,0.4163,0.3526,0.0
ARL2,0.9999,0.9032,0.8583,0.5077,0.2209,0.0552,0.1052,0.1388,0.2838,0.0
ARMET,0.9999,0.9075,0.8442,0.6996,0.5921,0.9183,1.3724,1.0761,0.7907,0.0
ARPC2,0.9999,0.9108,0.7158,0.4637,0.3317,0.3168,0.1267,0.0575,0.0468,0.0
ASPH,0.9999,1.0596,0.6127,0.436,0.3016,0.2345,0.2413,0.4525,0.6598,0.0
ATP11A,0.9999,0.9102,0.6875,0.6257,0.8359,0.7721,0.1675,0.2393,0.1806,0.0
ATP11B,0.9999,0.926,0.796,0.8159,2.2448,1.4629,0.4702,0.1761,0.1637,0.0
ATP11C,0.9999,0.9316,0.8452,0.7556,0.6101,0.1435,0.0764,0.083,0.1147,0.0
ATP13A3,0.9999,0.8831,0.9403,0.6197,0.1697,0.1824,0.105,0.0894,0.0875,0.0
ATP1A1,0.9999,1.125,0.9971,1.0259,1.2416,1.9237,1.457,0.121,0.1193,0.0
ATP1B1,0.9999,0.896,0.8597,0.9254,0.8159,0.8284,0.3779,0.0912,0.1006,0.0
ATP1B3,0.9999,0.907,0.8579,0.8827,0.814,0.8825,0.5386,0.1733,0.1859,0.0
ATP2A2,0.9999,0.8491,0.6386,0.1608,0.0613,0.0712,0.0319,0.0299,0.0434,0.0
ATP2A3,0.9999,0.9254,0.8022,0.2129,0.0548,0.0358,0.0276,0.0425,0.0765,0.0
ATP2B4,0.9999,0.7789,0.4968,0.3547,0.4475,0.3447,0.0709,0.0657,0.0876,0.0
ATP5A1,0.9999,0.9196,0.8763,0.8195,0.9108,1.1098,2.2059,1.6492,0.1192,0.0
ATP5B,0.9999,0.9522,0.8596,0.7678,0.7462,0.7719,1.3669,1.1933,0.1297,0.0
ATP5O,0.9999,1.0032,0.9005,0.7927,0.8049,1.1461,1.8703,0.7241,0.04,0.0
ATP6AP1,0.9999,0.9917,1.0401,1.1799,0.9808,0.8794,1.6307,2.1553,2.4161,0.0
ATP6V0A1,0.9999,0.8516,0.9828,1.0396,0.9365,0.991,1.6019,1.4178,0.339,0.0
ATP6V0A2,0.9999,0.8329,0.777,0.7708,0.6062,0.7124,1.3001,0.5641,0.1823,0.0
ATP6V0D1,0.9999,0.7664,0.6295,0.5147,0.5256,1.3831,3.8399,1.7206,0.3892,0.0
ATP6V1A,0.9999,0.8775,0.6519,0.3013,0.292,0.4594,0.2071,0.2444,0.214,0.0
ATP6V1B2,0.9999,1.0257,0.931,0.4697,0.3734,0.5038,0.1907,0.1598,0.1488,0.0
ATP6V1E1,0.9999,0.8862,0.5969,0.3066,0.1222,0.1162,0.0753,0.123,0.1684,0.0
ATP6V1G1,0.9999,0.8787,0.645,0.2941,0.1986,0.1027,0.0637,0.0,0.2551,0.0
ATP7A,0.9999,0.847,0.4369,0.1184,0.0785,0.0911,0.0492,0.0488,0.0638,0.0
ATPIF1,0.9999,1.0816,0.9194,0.8551,0.9571,0.9497,1.6049,1.5016,1.4185,0.0
ATRN,0.9999,0.8122,0.6804,0.6688,0.5643,0.5775,0.5934,0.4232,0.3156,0.0
B2M,0.9999,1.0763,1.0383,0.8455,0.7677,0.7116,1.3629,2.4012,2.9804,0.0
B4GALNT1,0.9998,1.1589,1.0851,1.1225,0.683,0.833,0.5914,0.9803,0.4901,0.0
BCAM,0.9999,0.8471,0.6527,0.5838,0.4539,0.4512,0.373,0.2644,0.2621,0.0
BCAP31,0.9999,0.98,0.8331,0.7534,0.7504,1.0415,1.4794,2.0929,2.4416,0.0
BLVRB,0.9999,0.9085,0.3711,0.0818,0.0723,0.1055,0.0467,0.0252,0.0294,0.0
BOLA2,0.9999,0.9774,0.6045,0.1915,0.1023,0.1363,0.0937,0.0973,0.1109,0.0
BSG,0.9999,0.9023,0.8737,0.9601,0.8186,0.8883,0.9002,0.5928,0.6113,0.0
BST2,0.9999,0.934,0.754,0.8702,0.769,0.7156,0.6939,0.7097,0.817,0.0
BTN2A1,0.9999,0.8757,0.7144,0.5427,0.1989,0.0687,0.036,0.0324,0.0336,0.0
C11ORF59,0.9999,0.9871,0.94,0.8247,0.9256,0.9561,0.9199,0.547,0.3755,0.0
C17ORF60,0.9999,0.8712,0.6679,0.616,0.4969,0.4834,0.4677,0.3285,0.3233,0.0
C1QBP,0.9999,0.7208,0.4742,0.1038,0.0839,0.0922,0.0648,0.0249,0.019,0.0
C20ORF3,0.9999,1.0236,0.736,0.8577,0.76,0.8755,0.637,0.3789,0.5242,0.0
C8ORF55,0.9999,0.9394,0.7821,0.4218,0.6309,1.0834,1.5753,1.3127,0.7113,0.0
CAD,0.9999,0.8087,0.3701,0.1181,0.1118,0.0904,0.058,0.0766,0.1212,0.0
CADM4,0.9999,0.9272,0.82,0.7837,0.7266,0.559,0.6035,0.5628,0.6592,0.0
CALR,0.9999,2.2875,2.5477,2.2673,2.1803,2.2123,4.0233,7.0632,8.4072,0.0
CAP1,0.9999,0.9222,0.8694,0.4725,0.0474,0.0238,0.0189,0.0221,0.0239,0.0
CAPN1,0.9999,0.9459,0.868,0.7439,0.8968,2.6062,0.5243,0.1998,0.2265,0.0
CASP3,0.9998,1.0117,1.0416,1.1498,1.2221,0.8859,0.7531,1.2371,1.3907,0.0
CAT,0.9999,0.8719,0.7288,0.7503,1.0264,0.6438,1.1605,0.8948,0.3135,0.0
CCDC126,0.9999,0.7469,0.6267,0.2511,0.1319,0.2496,0.7554,1.2533,1.5101,0.0
CCNY,0.9999,0.8475,0.5166,0.1545,0.0811,0.3481,0.2488,0.2878,0.4403,0.0
CCT3,0.9999,0.8551,0.8318,0.724,0.3576,0.149,0.1133,0.0645,0.0549,0.0
CD151,0.9999,0.8196,0.7538,0.744,0.7541,0.9211,0.9445,0.5177,0.5143,0.0
CD200R1,0.9999,0.9771,0.7811,0.8244,0.7709,0.8377,0.8894,1.0033,1.0341,0.0
CD320,0.9999,0.9164,0.7988,0.8416,0.7514,0.9882,1.5614,1.6423,1.9726,0.0
CD37,0.9999,0.7948,0.6263,0.5798,0.5859,0.7002,0.5837,0.429,0.4008,0.0
CD40,0.9999,0.8188,0.6351,0.7222,0.7032,0.7081,0.7434,0.4994,0.5149,0.0
CD44,0.9999,0.9052,0.7927,0.6998,0.6936,0.8817,0.8657,0.6364,0.7012,0.0
CD46,0.9999,0.9221,0.7723,0.845,0.7163,0.7716,0.6594,0.3697,0.3052,0.0
CD47,0.9999,0.8669,0.8081,0.9899,0.9535,0.9728,0.9451,0.7694,0.8745,0.0
CD48,0.9999,0.9009,0.7623,0.7775,0.7734,0.7239,0.5743,0.4371,0.4018,0.0
CD53,0.9999,0.8611,0.7779,0.9788,0.9954,1.1794,1.1478,0.7778,0.8207,0.0
CD55,0.9999,0.8093,0.7959,0.8646,0.6957,0.7653,1.4787,2.1665,1.9325,0.0
CD58,0.9999,0.7869,0.627,0.9318,0.8585,0.9428,0.7693,0.8369,0.7215,0.0
CD59,0.9999,0.7812,0.698,0.7872,0.93,1.1046,1.332,0.727,0.7295,0.0
CD63,0.9999,0.8898,0.7865,0.7631,0.6446,0.6593,1.1707,1.234,1.7262,0.0
CD69,0.9999,0.8606,0.7915,0.7803,0.7123,0.8119,0.8073,0.5022,0.3959,0.0
CD80,0.9999,0.8632,0.6687,0.5966,0.4773,0.3925,0.3136,0.174,0.1867,0.0
CD82,0.9999,0.7989,0.6851,0.5608,0.5117,0.6858,0.6622,0.4705,0.5336,0.0
CD84,0.9999,0.8674,0.6956,0.7192,0.4727,0.2399,0.2184,0.158,0.1535,0.0
CD97,0.9999,0.9703,0.8199,0.8878,0.7693,0.648,0.5712,0.3355,0.1856,0.0
CD99,0.9999,0.9408,0.8286,1.0936,1.0015,1.1702,1.1119,0.6705,0.7123,0.0
CD99L2,0.9999,0.9724,0.9842,0.9899,1.1669,3.3409,3.3414,1.9833,2.031,0.0
CDC42,0.9999,0.9346,0.7978,0.806,0.9344,1.582,2.0666,2.1192,1.2362,0.0
CDCP1,0.9999,0.8192,0.6751,0.5426,0.4695,0.4218,0.3518,0.259,0.2581,0.0
CDIPT,0.9999,0.7903,0.6268,0.4797,0.4931,0.5575,0.4144,0.1466,0.1109,0.0
CDV3,0.9999,0.9967,0.8651,0.5746,0.5445,0.4679,0.0744,0.0686,0.0803,0.0
CELSR2,0.9999,0.9311,0.5734,0.3466,0.3006,0.3494,0.3291,0.2586,0.2619,0.0
CHID1,0.9999,0.8362,0.7419,0.4953,0.3421,0.331,0.3522,0.5303,0.613,0.0
CLCN2,0.9999,1.1715,0.8498,0.8085,0.6546,0.8564,1.0508,0.6775,0.1993,0.0
CLCN3,0.9999,0.9289,0.891,0.8004,0.6889,0.5273,0.1536,0.0603,0.0803,0.0
CLDND1,0.9999,0.8679,0.8084,0.7508,0.7293,0.6759,0.5177,0.2441,0.27,0.0
CLIC1,0.9999,0.8501,0.6898,0.2085,0.0475,0.0591,0.0451,0.036,0.0249,0.0
CLIC4,0.9999,0.8649,0.5539,0.2472,0.0766,0.0477,0.0521,0.0858,0.1097,0.0
CLN3,0.9998,1.0573,1.1757,1.0538,1.203,1.3699,4.4044,8.0591,10.0339,0.0
CLNS1A,0.9999,0.83,0.6913,0.431,0.2202,0.1617,0.0772,0.0764,0.0755,0.0
CLPTM1,0.9999,0.8526,0.5504,0.2962,0.1926,0.0982,0.0793,0.0853,0.0777,0.0
CLTA,0.9999,1.6888,1.3853,0.9395,1.0002,1.2112,0.3889,0.3581,0.4126,0.0
CLTC,0.9998,1.4131,0.9302,0.0761,0.0635,0.135,0.0858,0.0469,0.0634,0.0
CMTM3,0.9999,0.6532,0.4549,0.5566,0.6072,1.2519,1.9438,1.7655,2.1107,0.0
CNN2,0.9999,0.7015,0.2693,0.097,0.071,0.0905,0.0777,0.0802,0.085,0.0
CNNM3,0.9999,0.7714,0.4868,0.1401,0.0192,0.0375,0.0301,0.0264,0.0346,0.0
CNNM4,0.9999,0.7374,0.2632,0.0208,0.0099,0.009,0.0168,0.0327,0.0333,0.0
CNPY2,0.9999,0.9096,0.926,0.8765,0.7145,0.5205,0.7304,0.8995,0.8442,0.0
COMT,0.9999,0.8663,0.5771,0.247,0.0938,0.0983,0.0567,0.0391,0.0364,0.0
COPB1,0.9999,0.8691,0.5827,0.1198,0.0358,0.0751,0.0437,0.0219,0.0238,0.0
CORO1A,0.9999,0.9266,0.2637,0.0523,0.043,0.018,0.028,0.0387,0.0609,0.0
CORO1B,0.9999,1.0482,0.7866,0.1763,0.1322,0.1155,0.0451,0.0594,0.0903,0.0
CPD,0.9999,0.9004,0.7136,0.6976,0.5613,0.3516,0.5816,0.9823,1.1212,0.0
CPNE1,0.9999,0.799,0.6237,0.209,0.1147,0.0768,0.0433,0.0585,0.0908,0.0
CREG1,0.9999,0.8864,0.7966,0.4455,0.5994,0.3108,0.5486,0.745,0.9923,0.0
CRTAP,0.9999,0.8245,0.5655,0.4114,0.3245,0.2439,0.3148,0.3264,0.3693,0.0
CS,0.9999,0.875,0.6194,0.2641,0.0905,0.0315,0.028,0.0234,0.0278,0.0
CSDE1,0.9999,0.4391,0.1556,0.0128,0.007,0.0184,0.0039,0.06,0.1309,0.0
CSK,0.9999,0.6951,0.2417,0.1561,0.1165,0.2308,0.1905,0.1834,0.1399,0.0
CTNND1,0.9999,0.36,0.1332,0.073,0.047,0.1724,0.0964,0.0844,0.0937,0.0
CTSB,0.9999,1.0912,1.0073,0.8315,0.7326,0.5995,0.9521,1.6492,2.362,0.0
CTTN,0.9999,0.9214,0.6853,0.4393,0.4239,0.8892,0.4988,0.4108,0.4095,0.0
CUL5,0.9999,0.9875,0.6893,0.2789,0.3287,0.2766,0.1514,0.1209,0.1189,0.0
CUTA,0.9999,0.9395,0.7552,0.7023,1.5821,5.7362,1.3681,0.6283,0.6326,0.0
DAG1,0.9999,0.9165,0.8243,0.8503,0.7918,0.9115,0.7954,0.51,0.3545,0.0
DBNL,0.9999,0.7225,0.3333,0.1319,0.1181,0.1517,0.1514,0.1337,0.1503,0.0
DCBLD2,0.9999,0.9066,0.7512,0.5911,0.4384,0.3468,0.293,0.2301,0.2795,0.0
DCI,0.9999,0.9889,0.945,0.8299,0.8677,1.004,1.6972,1.6741,1.7675,0.0
DDR1,0.9999,0.6563,0.2802,0.0709,0.0454,0.0149,0.0018,0.0151,0.0476,0.0
DIAPH1,0.9999,0.5733,0.202,0.0686,0.0592,0.0444,0.0245,0.0301,0.0366,0.0
DJ-1,0.9999,1.0812,0.9942,0.9466,0.7858,0.4194,0.0957,0.1069,0.0864,0.0
DLK1,0.9999,0.6463,0.481,0.3202,0.3678,0.615,0.9652,1.2041,1.4085,0.0
DNAJA1,0.9999,1.0144,0.7771,0.314,0.1834,0.1949,0.1113,0.1244,0.1455,0.0
DNAJA2,0.9999,0.8687,0.57,0.3364,0.2755,0.1476,0.1465,0.1576,0.2076,0.0
DNM2,0.9999,0.8608,0.4809,0.2679,0.187,0.1078,0.0589,0.0482,0.0412,0.0
DSC2,0.9999,0.9409,0.7423,0.5911,0.4435,0.3249,0.3354,0.3184,0.4156,0.0
DSG1,0.9999,0.6368,0.4622,0.4651,0.4352,0.231,0.1349,0.1859,0.2211,0.0
DSG2,0.9999,0.9463,0.8458,0.7538,0.3907,0.1645,0.1819,0.1949,0.216,0.0
DSTN,0.9999,0.8987,0.7066,0.4477,0.1674,0.0394,0.0229,0.0325,0.0208,0.0
ECE1,0.9999,1.0161,0.8905,0.7793,0.574,0.672,0.9486,1.207,1.3628,0.0
ECM1,0.9998,1.0951,0.8455,0.8666,1.3418,1.0002,2.6578,4.9275,5.7542,0.0
EEA1,0.9999,0.8444,0.706,0.6287,0.551,0.6086,0.5396,0.7468,0.926,0.0
EEF2,0.9999,0.9631,0.9342,0.8491,0.7676,0.4424,0.0688,0.0673,0.0759,0.0
EFNB1,0.9999,0.8733,0.6741,0.469,0.3278,0.3186,0.2794,0.2177,0.2031,0.0
EHD1,0.9999,0.8061,0.5841,0.3373,0.2231,0.2476,0.2021,0.2681,0.3772,0.0
EIF5,0.9999,0.8867,0.4634,0.0639,0.0571,0.0394,0.0155,0.0162,0.0232,0.0
EMP3,0.9998,1.0305,1.2841,2.1664,2.314,1.894,1.7412,1.6826,2.1082,0.0
EMR2,0.9999,0.8964,0.817,0.8606,0.841,0.8229,0.4888,0.1327,0.1318,0.0
ENO1,0.9999,1.0187,1.021,0.9212,0.7289,0.4756,0.0769,0.0509,0.0477,0.0
ENPP3,0.9999,0.9004,0.7949,0.7821,0.7317,0.8272,0.8507,0.5656,0.4586,0.0
ENTPD1,0.9999,0.9043,0.8057,0.8491,0.6963,0.4523,0.3193,0.3057,0.2407,0.0
ENTPD3,0.9999,0.8467,0.7999,0.7642,0.5494,0.316,0.2202,0.1787,0.1597,0.0
EPB41,0.9999,0.8808,0.6508,0.2052,0.0823,0.0844,0.0838,0.0918,0.1108,0.0
EPCAM,0.9999,0.8421,0.7081,0.6313,0.5272,0.4719,0.4468,0.3014,0.2879,0.0
EPHB4,0.9999,0.1949,0.0431,0.0202,0.0149,0.0313,0.019,0.0264,0.0337,0.0
EPS15,0.9999,0.7786,0.3905,0.1706,0.1209,0.0964,0.0724,0.0448,0.0404,0.0
ERLIN2,0.9999,0.7788,0.5595,0.2803,0.2095,0.1294,0.1321,0.1823,0.2145,0.0
ERP29,0.9999,0.8561,0.7071,0.5122,0.3414,0.3247,0.439,0.4486,0.4166,0.0
ESAM,0.9999,0.8328,0.7708,0.7461,0.7301,0.7388,0.6966,0.4667,0.4222,0.0
EVI2B,0.9999,0.9818,0.7533,0.8666,0.8787,1.2876,1.2549,1.0012,1.0876,0.0
EZR,0.9999,0.9672,0.8896,0.131,0.0434,0.0686,0.0574,0.0458,0.0553,0.0
F2RL3,0.9999,0.7663,0.6792,0.6607,0.6002,0.5326,0.3409,0.1627,0.0568,0.0
F5,0.9999,0.9937,0.9276,0.85,0.7182,0.4145,0.343,0.2772,0.2921,0.0
FAM171A1,0.9999,0.8836,0.6989,0.5316,0.2417,0.1879,0.1233,0.111,0.1221,0.0
FAM49B,0.9999,0.9842,0.9107,0.6153,0.2417,0.0433,0.0384,0.1038,0.1164,0.0
FAM62A,0.9999,0.5151,0.2122,0.097,0.087,0.0766,0.0529,0.0558,0.0686,0.0
FANCI,0.9999,0.2011,0.0491,0.3144,0.1214,0.167,0.0473,0.0431,0.0754,0.0
FASN,0.9999,0.989,0.8481,0.1727,0.0592,0.0542,0.046,0.0423,0.0538,0.0
FAT1,0.9998,0.9871,0.7261,0.5425,0.4897,0.3544,0.3396,0.3026,0.3292,0.0
FCGR2B,0.9999,0.8959,0.8262,0.7204,0.5202,0.4811,0.4331,0.2125,0.1971,0.0
FCGR2C,0.9999,0.88,0.8022,0.8804,0.8047,0.7689,0.6746,0.5213,0.5131,0.0
FEN1,0.9999,0.4638,0.1398,0.0181,0.0058,0.0382,0.0211,0.0218,0.0226,0.0
FERMT3,0.9999,0.7526,0.3364,0.0359,0.0262,0.0425,0.0312,0.0247,0.0275,0.0
FGFRL1,0.9999,0.8684,0.6283,0.4776,0.3248,0.3546,0.2258,0.3506,0.6324,0.0
FLNA,0.9999,0.9366,0.4624,0.1564,0.1294,0.0743,0.0496,0.0565,0.0693,0.0
FLNB,0.9999,1.0177,0.8401,0.2996,0.1498,0.1499,0.1094,0.0911,0.1227,0.0
FLNC,0.9999,0.8006,0.5538,0.2447,0.1266,0.0371,0.0325,0.0384,0.0425,0.0
FLOT1,0.9999,0.777,0.6045,0.4946,0.3606,0.1855,0.1515,0.3302,0.3574,0.0
FLVCR1,0.9999,0.8422,0.8301,0.837,0.8508,0.9442,0.5848,0.0599,0.0548,0.0
FMNL1,0.9999,0.2883,0.1259,0.0552,0.0475,0.0032,0.044,0.0359,0.017,0.0
FZD4,0.9999,0.8693,0.7458,0.8153,0.8107,0.9664,0.92,0.6521,0.6423,0.0
G6PD,0.9999,0.9702,0.8875,0.4952,0.1261,0.1195,0.0691,0.0588,0.0366,0.0
GAPDH,0.9999,0.8277,0.7578,0.7451,0.858,0.8924,0.327,0.1935,0.1043,0.0
GBF1,0.9999,0.749,0.2575,0.0666,0.0863,0.1427,0.0458,0.0478,0.0133,0.0
GGH,0.9998,1.3362,1.2055,1.6714,1.6682,1.966,4.3897,6.1674,9.716,0.0
GGT1,0.9999,0.8233,0.7089,0.6998,0.6779,0.774,0.6801,0.4879,0.3759,0.0
GGT5,0.9999,0.8437,0.6735,0.6786,0.57,0.2706,0.2041,0.1506,0.1614,0.0
GLB1L2,0.9998,1.0854,0.5555,0.6662,0.4428,0.5533,0.7365,1.0168,1.0082,0.0
GLG1,0.9999,0.9987,0.8151,0.7963,0.7522,0.7172,1.5376,2.8091,3.1036,0.0
GNAI2,0.9999,0.7832,0.6399,0.7192,0.3771,0.2979,0.2965,0.2724,0.1889,0.0
GNAI3,0.9999,0.9142,0.7892,0.7065,0.3439,0.1613,0.104,0.0953,0.119,0.0
GNAQ,0.9999,1.126,0.979,0.8189,0.7332,0.568,0.3789,0.3398,0.4285,0.0
GNB1,0.9999,0.8716,0.7995,0.7625,0.4544,0.1,0.0968,0.1268,0.1113,0.0
GNB1L,0.9999,1.1541,0.9577,0.8959,0.5726,0.5833,0.1971,0.2969,0.3035,0.0
GNB2,0.9999,0.8344,0.6967,0.4703,0.1236,0.2969,0.2014,0.1211,0.0533,0.0
GNB2L1,0.9999,0.8124,0.6667,0.4488,0.4429,0.3684,0.134,0.0329,0.0488,0.0
GOT2,0.9999,1.0427,0.8274,0.7848,1.3925,2.3252,3.9086,2.9881,0.3295,0.0
GP1BB,0.9999,0.7362,0.7597,0.6284,0.5781,0.4639,0.4212,0.2581,0.2225,0.0
GPI,0.9999,1.0128,1.2288,0.8604,0.645,0.1995,0.1586,0.1472,0.1504,0.0
GPR183,0.9999,0.9125,0.8336,0.9266,0.862,0.7614,0.4381,0.2067,0.1856,0.0
GPR44,0.9999,0.8322,0.6751,0.5167,0.4782,0.3501,0.1913,0.2597,0.2315,0.0
GPR68,0.9999,0.9027,0.8293,0.8728,0.8452,0.9369,0.8473,0.5774,0.5955,0.0
GPRC5B,0.9999,0.8055,0.6594,0.543,0.4829,0.4009,0.1815,0.1104,0.089,0.0
GPRC5C,0.9999,0.9564,0.8151,0.9198,0.9571,1.3198,1.2574,0.7703,0.7404,0.0
GSR,0.9999,1.0136,0.8959,0.8285,1.0637,1.1447,1.7148,2.7843,2.6271,0.0
GSTP1,0.9999,0.9131,0.7899,0.5678,0.2536,0.0622,0.0736,0.0724,0.0554,0.0
HDDC2,0.9999,1.0807,1.0319,0.7819,0.8152,0.6335,0.1943,0.1122,0.1414,0.0
HDHD2,0.9999,0.9438,0.9124,0.721,0.6806,0.6262,0.3192,0.3245,0.3218,0.0
HDLBP,0.9999,0.6437,0.3805,0.235,0.1872,0.5876,0.5251,0.4859,0.6475,0.0
HEPH,0.9999,0.8547,0.6756,0.5732,0.42,0.3389,0.2571,0.1889,0.1758,0.0
HINT1,0.9999,1.0866,0.93,0.8566,0.6933,0.7865,0.2811,0.2938,0.2763,0.0
HM13,0.9999,1.1795,0.9542,1.1508,1.1078,1.9007,3.1771,2.0973,1.3141,0.0
HMGB1,0.9999,0.8307,0.6734,0.5163,0.4203,0.4453,0.2551,0.2192,0.2388,0.0
HMOX2,0.9999,0.8274,0.5791,0.4161,0.2806,0.0472,0.0952,0.0844,0.0651,0.0
HN1L,0.9999,0.985,0.8587,0.6812,0.7032,0.8164,0.3,0.2563,0.3343,0.0
HNRNPM,0.9999,0.233,0.0999,0.0561,0.0554,0.0515,0.05,0.0471,0.0658,0.0
HSD17B10,0.9999,0.9001,0.8727,0.6637,0.3094,0.1183,0.0408,0.0382,0.0401,0.0
HSD17B11,0.9999,0.7747,0.7774,0.7055,0.6787,0.4225,0.815,0.9403,0.9867,0.0
HSP90AA1,0.9999,0.8831,0.6406,0.1088,0.0618,0.0597,0.0386,0.0213,0.0228,0.0
HSP90AB1,0.9999,0.891,0.6261,0.0773,0.0356,0.057,0.0327,0.0312,0.0384,0.0
HSP90B1,0.9999,0.9656,0.7769,0.5945,0.402,0.2562,0.3694,0.5866,0.6844,0.0
HSPA5,0.9999,1.0197,0.8758,0.7548,0.7288,0.6841,0.5877,0.8549,0.9943,0.0
HSPA8,0.9999,0.8186,0.637,0.49,0.4434,0.2697,0.0393,0.0477,0.0617,0.0
HSPB1,0.9999,0.6258,0.3136,0.076,0.0641,0.0776,0.0886,0.1213,0.1879,0.0
HSPC152,0.9999,0.8418,0.7093,0.4332,0.2368,0.2042,0.1002,0.0975,0.1176,0.0
HSPD1,0.9999,0.8916,0.7876,0.6729,0.5666,0.4208,0.0741,0.0305,0.0352,0.0
HTR1F,0.9999,0.9337,0.8336,0.6961,0.635,0.5971,0.3207,0.1423,0.1275,0.0
HYAL2,0.9999,0.9562,0.8259,0.6418,0.3608,0.298,0.293,0.2667,0.2465,0.0
ICAM1,0.9999,0.9141,0.7856,0.8057,0.7436,0.7876,0.6789,0.4431,0.4285,0.0
ICAM2,0.9999,0.8708,0.7252,0.6155,0.41,0.4232,0.4001,0.226,0.1838,0.0
ICAM5,0.9999,0.872,0.7519,0.7115,0.6179,0.5481,0.4888,0.3808,0.3841,0.0
IFITM1,0.9999,0.8092,0.9523,1.307,1.2234,0.4768,0.3311,0.2747,0.3064,0.0
IFNAR1,0.9999,0.8807,0.6446,0.4431,0.2776,0.2576,0.2741,0.2738,0.2939,0.0
IFNAR2,0.9999,0.8207,0.5788,0.3914,0.2908,0.088,0.1307,0.1134,0.0979,0.0
IFNGR1,0.9999,0.9155,0.7776,0.7607,0.7441,1.0443,0.9829,0.7254,0.6968,0.0
IGF1R,0.9999,0.3467,0.1569,0.0928,0.0722,0.0701,0.0695,0.1331,0.1732,0.0
IGF2R,0.9999,0.8699,0.9823,0.9441,0.6523,0.5531,0.5773,0.4551,0.4098,0.0
IGSF8,0.9999,0.8488,0.7194,0.6863,0.6307,0.682,0.4009,0.2078,0.2198,0.0
IL10RB,0.9999,0.8223,0.6177,0.4264,0.1693,0.1225,0.1295,0.1161,0.1045,0.0
IL13RA1,0.9999,0.7752,0.617,0.5791,0.4263,0.3996,0.4167,0.3793,0.3773,0.0
IL17RA,0.9999,0.7725,0.605,0.4074,0.2993,0.2463,0.1458,0.1152,0.1226,0.0
IL17RC,0.9999,0.8789,0.6309,0.4268,0.1353,0.062,0.0226,0.0,0.0267,0.0
IL18R1,0.9999,0.823,0.5877,0.3541,0.1232,0.103,0.0876,0.0773,0.0764,0.0
IL27RA,0.9999,0.8289,0.6251,0.518,0.3453,0.3055,0.2878,0.2394,0.2352,0.0
IL6ST,0.9999,0.8176,0.6592,0.5903,0.4664,0.3202,0.3233,0.2883,0.3022,0.0
IQGAP1,0.9999,1.0396,0.6662,0.0853,0.0661,0.1287,0.0948,0.0742,0.0743,0.0
IQGAP2,0.9999,0.7181,0.1556,0.0129,0.0112,0.0791,0.0337,0.0369,0.0715,0.0
ITFG1,0.9999,0.9212,0.7938,0.6903,0.5389,0.4848,0.5907,0.766,0.84,0.0
ITFG3,0.9999,0.902,0.6718,0.6017,0.5801,0.599,0.5256,0.3157,0.2427,0.0
ITGA2B,0.9999,0.8527,0.6377,0.4935,0.3475,0.3286,0.2918,0.3279,0.4446,0.0
ITGA4,0.9999,0.9865,0.9059,0.8388,0.7479,0.7475,0.5073,0.3893,0.323,0.0
ITGA5,0.9999,0.9041,0.8167,0.7817,0.7043,0.7501,0.6014,0.3417,0.2901,0.0
ITGAM,0.9999,0.9653,0.7484,0.8252,0.776,0.6858,0.5232,0.3767,0.3489,0.0
ITGAV,0.9999,0.9375,0.7017,0.6363,0.5355,0.5489,0.5369,0.4255,0.4247,0.0
ITGB1,0.9999,0.9721,0.8529,0.862,0.8944,1.0529,1.1675,0.8134,0.7985,0.0
ITGB2,0.9999,0.9167,0.6553,0.6467,0.5682,0.5689,0.4862,0.3599,0.322,0.0
ITGB3,0.9999,0.9492,0.9446,0.9208,0.8155,0.7352,0.6384,0.2769,0.3096,0.0
ITGB5,0.9999,1.0366,1.1402,1.3205,1.194,1.0103,0.8619,0.4997,0.4236,0.0
JAG2,0.9999,0.9313,0.7506,0.625,0.5513,0.4602,0.4139,0.3165,0.3467,0.0
JTB,0.9999,0.8949,0.7431,0.7305,0.7151,0.7283,1.6308,1.8455,1.7883,0.0
KARS,0.9999,0.7251,0.4691,0.2512,0.3588,0.5648,0.1327,0.0971,0.112,0.0
KCNE3,0.9999,0.8906,0.6897,0.5593,0.365,0.3605,0.2899,0.3116,0.3455,0.0
KCNN4,0.9998,1.1074,1.2953,1.4144,1.37,1.3669,1.3401,1.0093,0.9524,0.0
KEL,0.9999,0.9084,0.8024,0.7186,0.5925,0.4309,0.3027,0.2026,0.2696,0.0
KISS1R,0.9999,0.948,0.7943,0.7063,0.5132,0.4382,0.1714,0.0706,0.0372,0.0
KTN1,0.9999,0.7638,0.4911,0.2498,0.1796,0.1537,0.1249,0.1563,0.1804,0.0
LAMP1,0.9999,1.0686,0.8642,0.9547,0.9909,1.4418,4.6953,7.3397,8.4131,0.0
LAMP2,0.9999,1.3128,1.1391,1.2874,1.434,1.2337,4.924,11.4681,15.4487,0.0
LANCL1,0.9999,1.0282,1.1078,0.4681,1.082,1.3398,1.1319,0.6578,0.7953,0.0
LCP1,0.9999,0.8655,0.7917,0.5976,0.5136,0.2491,0.0762,0.0824,0.0779,0.0
LDLR,0.9999,0.8828,0.857,0.6954,0.5503,0.5641,0.7433,0.7043,0.597,0.0
LEPR,0.9999,0.868,0.7148,0.6187,0.4473,0.4282,0.3822,0.3511,0.3711,0.0
LGALS1,0.9999,0.9232,0.9404,0.7997,0.6937,0.6895,0.8593,0.9388,0.4702,0.0
LMAN2,0.9999,0.9765,0.7632,0.632,0.4266,0.4317,0.5092,0.6317,0.6916,0.0
LNPEP,0.9999,0.9623,1.2465,1.2456,0.932,1.0208,1.9172,2.4805,1.9189,0.0
LRFN1,0.9999,0.8311,0.5875,0.4167,0.2836,0.2021,0.1078,0.0954,0.1325,0.0
LRIG2,0.9999,0.878,0.7408,0.6862,0.4598,0.4653,0.4341,0.3628,0.2964,0.0
LRPAP1,0.9999,0.9566,0.7499,0.6215,0.5285,0.593,1.0736,0.7135,0.3805,0.0
LRRC4B,0.9999,0.7915,0.6113,0.4777,0.4021,0.336,0.204,0.1639,0.1572,0.0
LRRC8A,0.9999,0.9508,0.7812,0.5423,0.2279,0.1056,0.0347,0.0238,0.0265,0.0
LRRC8B,0.9998,1.0179,0.839,0.5726,0.2488,0.1767,0.0791,0.0743,0.0573,0.0
LRRC8C,0.9998,1.2256,1.0113,0.7919,0.2234,0.0806,0.0611,0.0672,0.0712,0.0
LRRC8D,0.9998,1.0205,0.8378,0.5415,0.1753,0.1607,0.1202,0.1008,0.0593,0.0
LTBR,0.9999,0.8192,0.7308,0.6106,0.6015,0.3327,0.4416,0.5842,1.1919,0.0
LYN,0.9999,0.7826,0.3806,0.2585,0.1988,0.1515,0.1458,0.1735,0.2192,0.0
M11S1,0.9999,0.7762,0.5842,0.3088,0.1879,0.1425,0.1143,0.1062,0.1082,0.0
M6PR,0.9999,0.7551,0.8491,1.1252,1.0521,1.254,2.3768,2.9116,3.3054,0.0
MACF1,0.9999,0.385,0.164,0.0742,0.0603,0.1148,0.0882,0.1127,0.1097,0.0
MAP1B,0.9999,0.8667,0.755,0.4697,0.4135,0.3086,0.153,0.1667,0.1942,0.0
MAP4,0.9999,0.9023,0.7853,0.5933,0.503,0.757,0.7355,0.7265,1.3339,0.0
MARCKSL1,0.9999,0.9716,1.0106,0.9408,1.0708,2.3581,3.2548,3.0044,3.2508,0.0
MCAM,0.9999,0.9274,0.8417,0.8689,0.8301,0.8157,0.7326,0.4944,0.4745,0.0
MCTS1,0.9999,0.9303,0.8599,0.5135,0.4376,0.5522,0.0992,0.0314,0.1152,0.0
MDH2,0.9999,1.0577,0.871,0.8928,1.0007,1.1208,0.8561,0.0661,0.0757,0.0
MERTK,0.9999,0.7118,0.2988,0.1562,0.1827,0.1205,0.0737,0.0491,0.0438,0.0
MESDC2,0.9999,0.9979,0.8772,0.5281,0.3182,0.3148,0.3732,0.4489,0.4655,0.0
METAP2,0.9999,1.0039,0.8916,0.5357,0.6497,0.8114,0.4963,0.3443,0.2332,0.0
MFGE8,0.9999,0.8575,0.7688,0.6864,0.5859,0.6143,0.5105,0.2621,0.2308,0.0
MFI2,0.9999,0.8396,0.7158,0.5986,0.4571,0.3992,0.3084,0.2264,0.2354,0.0
MIF,0.9999,0.857,0.7617,0.7216,0.5965,0.7295,0.2882,0.3522,0.3294,0.0
MLLT4,0.9999,0.8215,0.5532,0.4343,0.3874,0.0385,0.0365,0.0319,0.0634,0.0
MME,0.9999,0.9212,0.7698,0.8005,0.7627,0.7234,0.4059,0.2676,0.2623,0.0
MPDU1,0.9999,0.9076,0.9467,1.1828,1.4108,1.7349,2.3232,2.5331,1.4427,0.0
MPP1,0.9999,0.5673,0.2013,0.0635,0.0589,0.034,0.0405,0.0407,0.0433,0.0
MPZL1,0.9999,0.9446,0.7953,0.7602,0.6838,0.7203,0.6269,0.363,0.3185,0.0
MRC2,0.9999,0.8351,0.7721,0.5947,0.3688,0.2672,0.2991,0.3504,0.4141,0.0
MSH6,0.9999,0.4776,0.2447,0.2053,0.2097,0.15,0.087,0.1363,0.1907,0.0
MSN,0.9999,0.9433,0.8084,0.0784,0.0434,0.0326,0.0243,0.0223,0.028,0.0
MTDH,0.9999,0.8694,0.8099,0.5109,0.3302,0.2435,0.2105,0.1211,0.1474,0.0
MUC1,0.9999,0.6483,0.6228,0.6707,0.6505,0.6031,0.6629,0.5148,0.4357,0.0
MXRA8,0.9999,0.8861,0.7211,0.4807,0.3465,0.2739,0.1537,0.1463,0.1364,0.0
MYD88,0.9999,0.2149,0.106,0.0373,0.0335,0.054,0.0469,0.0494,0.046,0.0
MYH10,0.9999,0.645,0.3898,0.1363,0.0695,0.128,0.076,0.0721,0.1441,0.0
MYH9,0.9999,0.851,0.8114,0.4256,0.076,0.0635,0.078,0.0843,0.0806,0.0
MYO1C,0.9999,0.7827,0.1847,0.0388,0.027,0.3981,0.2518,0.4179,0.4773,0.0
NAG,0.9999,0.2769,0.095,0.029,0.0248,0.0643,0.0311,0.0301,0.0433,0.0
NAPG,0.9999,0.6887,0.2541,0.1112,0.0575,0.1728,0.1222,0.1058,0.1408,0.0
NCAM2,0.9999,0.9095,0.8787,1.0383,0.8811,0.6842,0.5678,0.4574,0.4716,0.0
NCSTN,0.9999,0.96,0.7912,0.6305,0.5177,0.5629,0.7381,0.8703,1.2266,0.0
NEO1,0.9999,0.9155,0.7018,0.5096,0.3783,0.3025,0.2563,0.1864,0.2007,0.0
NOTCH1,0.9999,0.5325,0.234,0.1044,0.069,0.0578,0.0664,0.0805,0.1153,0.0
NPC1,0.9999,1.1245,0.8127,0.6406,0.7519,0.9893,3.2094,4.3074,3.3638,0.0
NPTN,0.9999,0.9258,0.8818,0.8865,0.717,0.4326,0.3121,0.4102,0.6125,0.0
NRAS,0.9999,1.0711,1.2083,2.1547,4.0118,1.0241,0.8221,0.6748,0.3469,0.0
NRD1,0.9999,1.0032,0.4799,0.068,0.0529,0.1052,0.0548,0.0494,0.0545,0.0
NSF,0.9999,0.8986,0.388,0.0984,0.046,0.0635,0.0896,0.0846,0.081,0.0
NTRK1,0.9999,0.2223,0.0579,0.0262,0.0324,0.0086,0.0102,0.0368,0.0597,0.0
NUCB2,0.9999,1.0529,0.8839,0.8445,0.9023,1.2359,3.8821,4.9179,4.2394,0.0
ORAI1,0.9999,0.8626,0.7569,0.7074,0.6981,0.7843,0.6834,0.3159,0.3388,0.0
P2RX1,0.9999,0.8887,0.6051,0.6999,0.6511,0.7026,0.6373,0.3433,0.3361,0.0
P2RY1,0.9999,0.8462,0.6845,0.625,0.5537,0.8503,0.668,0.3372,0.3343,0.0
P4HB,0.9999,1.0803,0.9867,0.9561,0.8218,0.7341,0.9633,1.1293,1.0813,0.0
PAFAH1B2,0.9999,0.7541,0.4566,0.1814,0.128,0.0967,0.0424,0.0217,0.0366,0.0
PAK2,0.9999,0.8672,0.7907,0.5169,0.2703,0.127,0.0859,0.0794,0.065,0.0
PANX1,0.9999,0.968,0.928,0.9124,1.0252,1.3309,1.3305,0.8071,0.7612,0.0
PC,0.9999,0.698,0.3636,0.0506,0.0487,0.0535,0.0248,0.0164,0.0192,0.0
PCYOX1,0.9999,1.0929,0.8205,0.8534,0.818,0.9133,0.7076,0.3778,0.394,0.0
PDIA3,0.9999,0.8691,0.4964,0.3017,0.2138,0.1715,0.2132,0.3178,0.3911,0.0
PDIA4,0.9999,0.9942,0.6678,0.3753,0.2612,0.2417,0.3018,0.4477,0.5291,0.0
PDIA6,0.9999,0.9817,0.8634,0.6329,0.3262,0.2593,0.3307,0.4821,0.5837,0.0
PDLIM5,0.9999,0.7793,0.6463,0.3843,0.2247,0.0387,0.0396,0.0307,0.0272,0.0
PFKM,0.9999,0.9426,0.8396,0.7353,0.7673,0.8034,0.2821,0.2212,0.262,0.0
PHB,0.9999,0.8179,0.7423,0.5598,0.5403,0.5743,0.5316,0.549,0.3,0.0
PHB2,0.9999,0.7697,0.6629,0.46,0.4268,0.4337,0.4036,0.4437,0.2098,0.0
PKM2,0.9999,0.9571,0.9218,0.8048,0.7662,0.9947,0.0556,0.0486,0.0563,0.0
PKN1,0.9999,0.859,0.3407,0.0874,0.0644,0.0077,0.0376,0.0304,0.0615,0.0
PLAU,0.9999,0.9092,0.7009,0.6503,0.6162,0.5664,0.4333,0.2473,0.26,0.0
PLAUR,0.9999,0.7698,0.6536,0.6128,0.5563,0.7601,0.7498,0.5945,0.4888,0.0
PLP2,0.9999,0.9358,0.7736,1.2164,1.7351,0.8489,0.6212,0.5623,0.7836,0.0
PLXDC2,0.9999,0.698,0.5623,0.5483,0.3925,0.8003,0.4386,0.2885,0.2648,0.0
PLXNA1,0.9999,0.776,0.501,0.2789,0.1128,0.0502,0.0373,0.0357,0.0336,0.0
PLXNA3,0.9999,0.7515,0.4441,0.2382,0.1499,0.1162,0.081,0.0484,0.0611,0.0
PLXNB1,0.9999,0.9193,0.7602,0.3288,0.1131,0.1512,0.1517,0.0894,0.1013,0.0
PLXNB2,0.9999,0.8328,0.5265,0.1073,0.0538,0.0926,0.0706,0.0546,0.0693,0.0
PLXND1,0.9999,0.5897,0.1641,0.0662,0.0251,0.0777,0.0239,0.0198,0.0174,0.0
PODXL2,0.9999,0.9699,0.8587,0.9399,0.9466,1.0824,0.9846,0.7183,0.677,0.0
PPIL1,0.9999,0.4061,0.181,0.0561,0.0362,0.0532,0.0356,0.0342,0.0361,0.0
PPME1,0.9999,0.8497,0.759,0.3313,0.0444,0.0732,0.0477,0.0501,0.0505,0.0
PPP2CA,0.9999,0.94,0.77,0.5035,0.2893,0.2472,0.1043,0.0721,0.0664,0.0
PRAME,0.9999,0.1327,0.0854,0.0426,0.0,0.0278,0.0781,0.0692,0.148,0.0
PRCP,0.9999,0.776,0.7824,0.6934,0.7051,0.6589,1.2681,1.5831,1.6358,0.0
PRKAA1,0.9999,0.9349,0.7892,0.4835,0.3487,0.1724,0.1195,0.0967,0.06,0.0
PRKAR2A,0.9999,0.7406,0.4533,0.2169,0.1095,0.0612,0.0606,0.0598,0.0662,0.0
PRKCB,0.9999,0.7921,0.3721,0.0415,0.0311,0.0265,0.0268,0.0298,0.0267,0.0
PRNP,0.9999,0.8296,0.7883,0.7906,0.6734,0.3186,0.2957,0.1222,0.1893,0.0
PROCR,0.9999,0.8825,0.7711,0.7421,0.6292,0.6649,0.5305,0.2929,0.2379,0.0
PRPS2,0.9999,0.9639,0.8321,0.736,0.6301,0.8134,0.2373,0.0965,0.1368,0.0
PRSS8,0.9999,0.8239,0.6631,0.6677,0.6547,0.7371,0.576,0.3396,0.3027,0.0
PTGER3,0.9999,0.8123,0.8125,0.7852,0.6819,0.6088,0.4221,0.2555,0.2122,0.0
PTGFRN,0.9999,0.9505,0.8917,0.9066,0.7491,0.5829,0.4005,0.2775,0.2691,0.0
PTK7,0.9999,0.8389,0.6403,0.411,0.1937,0.1061,0.0762,0.0709,0.063,0.0
PTPRA,0.9999,0.7919,0.4482,0.0653,0.0548,0.0597,0.039,0.0315,0.0287,0.0
PTPRC,0.9999,0.9731,0.8247,0.6639,0.2172,0.0446,0.0289,0.0266,0.0197,0.0
PTPRJ,0.9999,0.6703,0.1495,0.0611,0.0459,0.0597,0.0326,0.0315,0.0413,0.0
PTPRS,0.9999,0.6136,0.2049,0.1682,0.1693,0.1736,0.1698,0.2403,0.1296,0.0
PTRF,0.9999,0.9168,0.7367,0.3962,0.1872,0.0411,0.0927,0.0707,0.0673,0.0
PTTG1IP,0.9999,1.3582,1.1532,1.2514,1.0382,1.8643,4.7718,7.2156,8.9851,0.0
PVR,0.9999,0.8514,0.7515,0.6811,0.5515,0.7126,0.5743,0.3858,0.3605,0.0
PVRL2,0.9999,0.8865,0.7878,0.7924,0.6648,0.6955,0.5829,0.3732,0.3476,0.0
QSOX2,0.9999,0.8518,0.6346,0.5873,0.4881,0.556,0.5282,0.7321,0.7917,0.0
RAB14,0.9999,0.9874,0.9687,0.8903,1.0375,0.9128,1.3496,0.9932,0.5805,0.0
RAB21,0.9999,0.9645,0.9174,0.9215,1.0076,1.0033,1.593,1.5992,0.7097,0.0
RAB35,0.9999,1.0911,1.0214,1.0067,1.2101,1.5341,2.3624,0.8259,0.3755,0.0
RAB3GAP2,0.9999,0.506,0.1865,0.0434,0.0463,0.107,0.0449,0.0406,0.0577,0.0
RAB5A,0.9999,0.8943,0.8774,0.7564,0.8676,2.5854,3.0293,1.5519,0.4933,0.0
RAB5B,0.9999,0.8479,0.7572,0.6321,0.7614,0.9338,1.5161,1.6622,1.0606,0.0
RAB5C,0.9999,0.8716,0.8486,0.792,1.0256,0.9798,1.7113,1.7318,1.0178,0.0
RAB6A,0.9999,0.8721,0.8546,0.7189,0.74,0.6799,0.8491,0.8838,0.7783,0.0
RAB8A,0.9999,0.8611,0.7277,0.5548,0.5749,1.2607,1.7006,1.327,0.7596,0.0
RAC1,0.9999,0.8945,0.8,0.8384,1.3932,1.8185,1.8182,0.6476,0.207,0.0
RAC2,0.9999,0.8393,0.7306,0.4846,0.2898,0.3367,0.2787,0.1928,0.1107,0.0
RALB,0.9999,1.0043,0.9248,1.1653,1.2873,1.3914,1.6137,0.7243,0.1043,0.0
RAP1A,0.9999,0.8602,0.7444,0.6899,0.9126,8.2849,12.5686,4.6018,4.477,0.0
RAP1B,0.9999,0.9452,0.8825,0.7978,0.7597,0.9633,1.6555,1.1112,1.1868,0.0
RAP2B,0.9999,0.9999,0.9264,2.2355,3.0499,2.091,1.9969,1.8838,1.3751,0.0
RCC2,0.9999,0.8116,0.6287,0.1537,0.0254,0.074,0.0845,0.0548,0.0469,0.0
RDX,0.9999,0.9085,0.8789,0.7209,0.6334,0.3202,0.1096,0.1034,0.1149,0.0
REEP5,0.9999,0.98,0.8933,0.918,1.0579,1.448,2.3934,2.6835,3.2265,0.0
RELL1,0.9999,0.7786,0.5741,0.5711,0.4557,0.7039,0.4968,0.2195,0.2281,0.0
RELT,0.9999,0.4967,0.2484,0.144,0.0462,0.0969,0.0377,0.0551,0.0545,0.0
RER1,0.9999,0.879,0.6596,0.3646,0.3356,0.558,0.6016,0.4095,0.3201,0.0
RHAG,0.9998,1.4504,1.7266,2.8409,2.6905,3.5495,3.5503,2.4896,2.3764,0.0
RHOA,0.9999,0.9212,0.8603,0.7162,0.6983,0.7767,1.2369,0.9764,0.7168,0.0
RHOG,0.9999,0.8712,0.7073,0.6349,0.7631,0.9662,0.4205,0.1418,0.127,0.0
RHOT2,0.9999,0.7379,0.3469,0.0875,0.0521,0.0211,0.0087,0.0274,0.0428,0.0
RNASET2,0.9999,0.9418,0.8563,0.6709,0.6131,0.7636,1.1631,2.7115,3.8509,0.0
RNF149,0.9999,0.8265,0.6683,0.4998,0.2631,0.2927,0.3316,0.2297,0.1979,0.0
RNPEP,0.9999,0.6924,0.246,0.0931,0.0679,0.0764,0.0361,0.0428,0.0475,0.0
ROR2,0.9999,0.7367,0.4133,0.0916,0.063,0.0866,0.0725,0.0569,0.0549,0.0
RPL15,0.9999,0.7439,0.6427,1.1663,1.4308,0.5152,0.2832,0.1941,0.2247,0.0
RPS27A,0.9999,0.7027,0.4968,0.2481,0.2171,0.2538,0.13,0.1035,0.1282,0.0
RPSA,0.9999,0.8677,0.6901,0.4,0.2856,0.2043,0.0822,0.0569,0.075,0.0
RRAS2,0.9999,0.8561,0.5598,0.5749,0.8272,0.796,0.6337,0.1117,0.0722,0.0
RTN4,0.9998,0.8805,0.6861,0.9696,1.7981,1.6465,3.3795,4.1696,3.6101,0.0
RTN4RL2,0.9999,0.8455,0.734,0.7429,0.6945,0.7024,0.4275,0.2063,0.1572,0.0
SAPS3,0.9999,0.8408,0.7212,0.6064,0.3896,0.1347,0.0304,0.0361,0.0407,0.0
SARS,0.9999,0.8735,0.7907,0.6205,0.2783,0.0521,0.0351,0.0401,0.0363,0.0
SCAMP3,0.9999,0.8661,0.7803,0.8863,0.9356,1.1153,1.7657,2.1068,2.7836,0.0
SCARB1,0.9999,0.853,0.8221,0.8692,0.8061,1.1764,1.2503,0.9884,0.7613,0.0
SCFD1,0.9999,0.8098,0.2944,0.0826,0.0409,0.0595,0.0147,0.022,0.0318,0.0
SDC1,0.9999,0.9448,0.9415,1.0107,0.8332,0.7015,0.7776,0.7761,0.9622,0.0
SDC3,0.9999,0.7356,0.7,0.5086,0.7087,0.4885,0.6713,0.6373,0.7233,0.0
SDC4,0.9999,0.907,0.8534,0.749,0.6461,0.4609,0.5845,0.5753,1.1085,0.0
SDCBP,0.9999,0.9265,0.7344,0.53,0.532,0.3377,0.3981,0.5895,0.8966,0.0
SELPLG,0.9999,0.8405,0.78,0.9004,0.8249,0.9024,1.0427,0.9235,1.0712,0.0
SEMA4C,0.9999,0.8934,0.8332,0.6669,0.3928,0.2867,0.2773,0.1854,0.1557,0.0
SEMA4D,0.9999,1.0047,0.9221,0.9462,0.8625,0.7879,0.5302,0.368,0.4177,0.0
SEMA7A,0.9999,0.8382,0.5704,0.3939,0.2179,0.163,0.1436,0.1201,0.1358,0.0
SEPHS1,0.9999,0.9817,0.9118,0.8155,0.7861,0.9505,0.8047,1.0218,0.679,0.0
SERBP1,0.9999,0.934,0.7941,0.5336,0.4297,0.4071,0.2899,0.3114,0.3318,0.0
SERINC3,0.9999,0.8161,0.6966,0.6284,0.5924,0.6307,0.888,0.9487,0.9705,0.0
SIGLEC10,0.9999,0.9109,0.5742,0.5363,0.4464,0.2806,0.217,0.191,0.1733,0.0
SIGLEC6,0.9999,0.8697,0.642,0.5806,0.4601,0.3949,0.3589,0.2988,0.3792,0.0
SLAMF6,0.9999,0.8637,0.6641,0.6697,0.5621,0.6627,0.5797,0.4278,0.3792,0.0
SLC11A2,0.9999,0.6653,0.5715,0.4948,0.5795,0.6175,0.9991,1.2238,1.5778,0.0
SLC12A2,0.9999,0.9206,0.8,0.7525,0.6123,0.1803,0.0309,0.032,0.0404,0.0
SLC12A4,0.9999,0.9596,0.7388,0.5527,0.2761,0.1761,0.1051,0.1135,0.1389,0.0
SLC12A6,0.9999,1.0301,0.7732,0.6722,0.3908,0.1729,0.0458,0.0384,0.0381,0.0
SLC12A7,0.9999,0.8123,0.3641,0.0794,0.0535,0.0826,0.0431,0.0351,0.0403,0.0
SLC16A1,0.9999,1.0815,0.9875,1.1144,1.5688,2.1631,2.9161,1.9296,2.0619,0.0
SLC19A1,0.9999,0.8658,0.754,0.7139,0.6167,0.6593,0.5963,0.2883,0.2211,0.0
SLC19A2,0.9999,0.8503,0.7582,0.5985,0.6595,0.8896,0.6802,0.3285,0.1621,0.0
SLC1A4,0.9999,0.9492,0.9307,0.9266,0.9696,1.0099,1.002,0.6252,0.5992,0.0
SLC1A5,0.9999,0.8867,0.79,0.7623,0.7103,0.7661,0.683,0.3955,0.3873,0.0
SLC20A1,0.9999,0.8617,0.74,0.6481,0.4694,0.948,0.7521,0.4231,0.4382,0.0
SLC20A2,0.9999,0.8769,0.811,0.8587,0.7316,1.3414,1.1756,0.6529,0.6386,0.0
SLC22A23,0.9999,0.8782,0.7674,0.7519,0.7201,0.7767,0.6826,0.5131,0.4009,0.0
SLC22A4,0.9999,0.8226,0.6472,0.6954,0.6541,1.1043,1.1096,0.4216,0.1552,0.0
SLC22A5,0.9999,0.9367,0.7491,0.646,0.5503,0.6337,0.5935,0.1343,0.0323,0.0
SLC23A2,0.9999,0.9485,0.7865,0.7938,0.7638,0.9241,0.9263,0.5411,0.4428,0.0
SLC25A11,0.9999,0.8221,0.8267,0.8063,1.028,1.2101,1.1277,0.8925,0.9386,0.0
SLC25A13,0.9999,0.8843,0.7485,0.7231,0.9073,0.891,1.0535,0.4551,0.1798,0.0
SLC25A3,0.9999,0.9001,0.7962,0.7971,0.9319,1.1545,1.8238,1.8599,2.3154,0.0
SLC25A4,0.9999,0.8913,0.6983,0.6047,0.6034,0.8513,1.1996,1.4097,1.7957,0.0
SLC25A5,0.9999,0.863,0.7524,0.7383,0.8166,1.1474,1.3278,1.074,0.773,0.0
SLC26A2,0.9999,0.8783,0.722,0.2217,0.0675,0.0493,0.0239,0.0266,0.0332,0.0
SLC26A6,0.9999,0.8432,0.6997,0.7191,0.7167,0.5886,0.1081,0.0549,0.0697,0.0
SLC29A1,0.9999,0.8299,0.7225,0.7271,0.6831,0.9161,0.8132,0.4567,0.3735,0.0
SLC29A2,0.9999,0.8786,0.8272,0.8818,0.8195,0.8731,0.3232,0.0402,0.0241,0.0
SLC2A1,0.9999,0.903,0.8041,0.7744,0.7344,0.8212,0.8169,0.565,0.6263,0.0
SLC2A13,0.9999,1.3687,1.2729,1.2031,0.8669,1.1343,1.6884,2.327,3.2536,0.0
SLC2A3,0.9999,0.9411,0.8734,0.9463,0.8745,0.9898,1.1004,0.7138,0.7294,0.0
SLC2A4,0.9999,1.0167,0.9746,0.9399,0.7266,0.6496,0.7399,0.575,0.5128,0.0
SLC2A5,0.9999,0.8862,0.6925,0.7744,0.6738,1.2515,1.4213,1.003,0.8737,0.0
SLC30A1,0.9999,0.8511,0.684,0.6667,0.7244,0.932,0.8357,0.5028,0.4133,0.0
SLC31A1,0.9999,0.8656,0.8864,0.826,0.7138,0.7823,0.5698,0.3809,0.3566,0.0
SLC38A1,0.9999,0.881,1.0079,1.1197,1.1487,1.2353,0.9488,0.1941,0.1504,0.0
SLC38A2,0.9999,0.8657,0.8633,0.8503,0.8081,0.8313,0.9483,0.8327,0.7036,0.0
SLC38A5,0.9999,0.9011,0.8604,0.8464,0.7525,0.5986,0.2151,0.0823,0.0861,0.0
SLC39A14,0.9999,0.9629,0.9233,0.8707,0.8324,0.8902,0.8821,0.6485,0.6178,0.0
SLC39A6,0.9999,1.0141,0.9365,0.935,0.9056,0.9832,0.7748,0.44,0.4006,0.0
SLC40A1,0.9999,0.9019,0.756,0.7781,0.7172,0.896,0.7524,0.4422,0.3372,0.0
SLC43A1,0.9999,0.7774,0.6868,0.6425,0.6184,0.8127,0.4976,0.0724,0.0754,0.0
SLC44A2,0.9999,0.8276,0.7174,0.8783,0.796,0.7922,0.6171,0.4233,0.4452,0.0
SLC4A2,0.9999,0.87,0.6802,0.2782,0.0831,0.0582,0.0418,0.0373,0.0453,0.0
SLC4A7,0.9998,1.1946,1.2343,1.1135,0.4518,0.1178,0.0777,0.0765,0.0649,0.0
SLC5A3,0.9999,0.8934,0.8014,0.9032,1.2155,1.2157,0.9908,0.6013,0.5727,0.0
SLC5A6,0.9999,0.9283,0.8887,0.9042,0.7845,0.6596,0.3732,0.2292,0.1597,0.0
SLC6A6,0.9999,0.9203,0.8604,0.8224,0.7556,0.7036,0.5062,0.173,0.1059,0.0
SLC6A8,0.9999,0.9029,0.8824,0.9603,0.9474,0.8283,0.6764,0.3177,0.156,0.0
SLC6A9,0.9999,0.9245,0.889,0.8895,0.749,0.8003,0.6917,0.1614,0.0231,0.0
SLC7A1,0.9999,0.8111,0.8164,0.8698,0.7896,0.851,0.7061,0.3155,0.1483,0.0
SLC7A11,0.9999,0.9064,0.8338,0.851,0.7962,0.7206,0.4956,0.2841,0.208,0.0
SLC7A5,0.9999,0.8182,0.7643,0.778,0.803,0.8213,0.5552,0.2994,0.2366,0.0
SLC7A6,0.9999,1.024,0.9855,1.2528,1.4194,1.1134,0.798,0.4182,0.3455,0.0
SLC9A1,0.9999,1.0106,0.8152,0.7114,0.5312,0.3561,0.2125,0.1148,0.083,0.0
SLC9A3R1,0.9999,0.9532,0.8373,0.6233,0.5676,0.5491,0.249,0.2638,0.2795,0.0
SLCO4A1,0.9999,0.8689,0.8138,0.837,0.7652,0.8643,0.8109,0.4885,0.453,0.0
SNAP23,0.9999,0.8813,0.6626,0.6926,1.0292,1.4459,2.0296,2.4724,2.91,0.0
SNAP29,0.9999,0.8568,0.6091,0.4301,0.3951,0.5011,0.3375,0.3049,0.2288,0.0
SNX6,0.9999,0.729,0.3594,0.0332,0.0157,0.0557,0.0319,0.0243,0.0262,0.0
SORT1,0.9999,0.8777,0.7499,0.8035,0.5736,0.4589,0.5128,0.4762,0.4337,0.0
SPINT1,0.9999,0.8538,0.7174,0.7816,0.7616,0.6626,0.4607,0.2907,0.2957,0.0
SPN,0.9999,0.9046,0.7394,0.5811,0.4866,0.9037,0.9462,0.7324,0.7413,0.0
SPPL2B,0.9999,0.9017,0.6923,0.65,0.5934,0.6815,0.669,0.3317,0.1578,0.0
SPTBN1,0.9999,0.8125,0.7781,0.2818,0.1744,0.1122,0.1051,0.169,0.2131,0.0
STEAP3,0.9999,1.0102,1.2383,0.4047,0.1843,0.2556,0.1294,0.0946,0.0912,0.0
STIM1,0.9999,0.932,0.6777,0.356,0.1426,0.1192,0.0904,0.0767,0.0913,0.0
STOM,0.9999,1.1161,0.9703,1.4067,2.856,5.8863,7.6003,5.0538,2.1092,0.0
STOML2,0.9999,0.8507,0.6025,0.332,0.2966,0.5091,1.0341,1.1792,0.1813,0.0
STRAP,0.9999,0.8255,0.6763,0.524,0.5291,0.3964,0.1525,0.1269,0.1013,0.0
STX7,0.9999,0.9993,0.8882,0.7486,0.6697,0.8094,1.2027,1.5239,1.6634,0.0
STXBP2,0.9999,0.4995,0.1192,0.032,0.0316,0.0691,0.0323,0.032,0.0566,0.0
STXBP3,0.9999,0.6447,0.1951,0.0738,0.0685,0.0516,0.0629,0.0579,0.071,0.0
SUCLG1,0.9999,0.9113,0.6592,0.1939,0.0984,0.0422,0.0312,0.0477,0.0622,0.0
SUCLG2,0.9999,0.8984,0.6696,0.1678,0.0364,0.0702,0.0577,0.0782,0.0977,0.0
SUCNR1,0.9999,0.9315,0.7692,0.686,0.715,0.7009,0.8155,0.6853,0.819,0.0
SVIP,0.9999,0.933,0.7141,1.1182,1.4565,1.3573,1.3948,1.2509,1.2194,0.0
SYPL1,0.9999,0.8901,0.8594,1.2395,1.1075,0.9422,1.1521,1.4588,1.8978,0.0
TAGLN2,0.9999,0.7569,0.454,0.1522,0.0938,0.0936,0.0457,0.0586,0.0556,0.0
TBXA2R,0.9999,0.9755,0.8478,0.7202,0.5515,0.6866,0.2115,0.0374,0.0369,0.0
TES,0.9999,0.9681,0.8033,0.2655,0.075,0.0447,0.0082,0.0351,0.0162,0.0
TFPI,0.9999,0.743,0.4886,0.5908,0.5048,0.6994,0.6476,0.378,0.3291,0.0
TFR2,0.9999,0.808,0.7085,0.6143,0.5666,0.5868,0.5735,0.3856,0.3338,0.0
TFRC,0.9999,0.9125,0.9553,0.9367,0.8068,0.8343,1.1751,1.2498,0.666,0.0
TGFB1,0.9999,1.0521,1.0826,0.6927,0.3383,0.2017,0.2643,0.2769,0.2786,0.0
TGFBR1,0.9999,0.6426,0.1807,0.0763,0.0571,0.0514,0.0279,0.0459,0.0812,0.0
TGFBR3,0.9999,0.9088,0.7432,0.6059,0.4058,0.2974,0.2984,0.248,0.2573,0.0
TGM2,0.9999,1.0176,0.8504,0.4869,0.1506,0.1493,0.0536,0.0699,0.0433,0.0
TGOLN2,0.9999,1.0196,0.8999,1.0584,1.3678,2.0766,8.0782,13.8627,16.7398,0.0
TIMP1,0.9999,0.8529,0.6863,0.6647,0.5559,0.4833,0.4418,0.4344,0.3974,0.0
TLN1,0.9999,0.8717,0.3023,0.0709,0.0607,0.0576,0.03,0.0335,0.043,0.0
TLR9,0.9999,1.0153,0.8606,0.5998,0.1987,0.1807,0.0801,0.0732,0.1048,0.0
TMED10,0.9999,0.9748,0.9157,0.6643,0.4276,0.2629,0.3142,0.3825,0.4773,0.0
TMEM2,0.9999,0.8731,0.728,0.6618,0.4763,0.3469,0.3251,0.2843,0.2871,0.0
TMEM30A,0.9999,0.921,0.8324,0.8919,0.6168,0.3116,0.1798,0.2322,0.2868,0.0
TMEM33,0.9999,0.668,0.3416,0.2622,0.2398,0.3599,0.2229,0.0995,0.0825,0.0
TMEM8,0.9999,0.8439,0.7332,0.6535,0.527,0.5199,0.3672,0.271,0.1935,0.0
TNFRSF10A,0.9999,0.77,0.5296,0.4109,0.325,0.461,0.4685,0.3537,0.3922,0.0
TNFRSF10B,0.9999,0.8573,0.7504,0.664,0.6131,0.532,0.4188,0.2392,0.2715,0.0
TNFRSF1B,0.9999,0.9082,0.7681,0.7633,0.8322,0.9369,1.0072,0.6783,0.7201,0.0
TNFRSF8,0.9999,0.7438,0.5933,0.4826,0.5166,0.6023,0.5415,0.369,0.4015,0.0
TNFSF9,0.9999,0.8275,0.76,0.632,0.572,0.6146,0.6548,0.4957,0.4889,0.0
TOR2A,0.9999,0.8425,0.6012,0.3268,0.2619,0.3341,0.2357,0.2077,0.1984,0.0
TPBG,0.9999,0.9604,0.7551,0.681,0.5781,0.3721,0.3443,0.2702,0.2324,0.0
TPCN1,0.9999,0.8089,0.843,0.739,0.583,1.4598,1.7623,0.4741,0.2087,0.0
TRPM4,0.9999,0.9225,0.6695,0.5388,0.1057,0.0357,0.0384,0.0655,0.0786,0.0
TRPV2,0.9999,0.947,0.9162,0.9015,0.4808,0.0423,0.0211,0.0238,0.0189,0.0
TSPAN14,0.9999,0.8279,0.7375,0.808,0.5909,0.4142,0.371,0.2548,0.1994,0.0
TSPAN31,0.9999,0.9765,1.0022,1.2134,1.5609,1.2122,2.1849,2.7342,2.5305,0.0
TUBB2C,0.9999,0.9089,0.7943,0.592,0.5427,0.4151,0.0573,0.0492,0.0507,0.0
TXNDC13,0.9999,0.8588,0.5352,0.343,0.1858,0.2853,0.2941,0.406,0.3808,0.0
TXNDC4,0.9999,1.0155,0.856,0.5554,0.4086,0.2318,0.2682,0.3731,0.4442,0.0
TYRO3,0.9999,0.625,0.4914,0.6857,0.7424,0.1032,0.0637,0.0428,0.0508,0.0
UAP1,0.9999,0.9426,0.862,0.6033,0.2362,0.0951,0.0536,0.0439,0.0473,0.0
UNC5B,0.9999,0.6411,0.2172,0.0645,0.0538,0.2117,0.0912,0.0374,0.0301,0.0
USP14,0.9999,0.8667,0.4551,0.0699,0.0617,0.065,0.0359,0.0424,0.0545,0.0
VAMP7,0.9999,0.6922,0.5308,0.2281,0.1074,0.1104,0.1438,0.1936,0.2139,0.0
VAMP8,0.9999,0.866,0.6948,0.5647,0.6814,1.8182,1.6821,1.2708,1.8132,0.0
VANGL1,0.9999,0.8902,0.7125,0.7495,0.9564,0.6692,0.4427,0.389,0.684,0.0
VAPA,0.9999,0.9329,0.7603,0.5773,0.4771,0.4326,0.2047,0.1515,0.1693,0.0
VASN,0.9999,0.8615,0.7895,0.7701,0.6995,0.56,0.3757,0.2647,0.3025,0.0
VASP,0.9999,0.6454,0.2207,0.1007,0.0817,0.116,0.0839,0.0832,0.0968,0.0
VCL,0.9999,1.0406,1.0001,0.7309,0.695,0.9224,0.2101,0.1088,0.0718,0.0
VDAC1,0.9999,1.0603,1.0232,0.9074,0.847,0.9086,1.1327,1.159,1.2465,0.0
VIM,0.9999,0.9274,0.8619,0.3498,0.1863,0.1375,0.1234,0.1075,0.1105,0.0
VTN,0.9998,1.0459,0.9693,0.946,0.681,0.6483,0.6335,0.6781,0.6743,0.0
VWDE,0.9999,0.786,0.4443,0.3397,0.2555,0.355,0.2424,0.3491,0.321,0.0
XRCC5,0.9999,0.071,0.022,0.0176,0.034,0.0411,0.0464,0.0472,0.0404,0.0
YIPF3,0.9999,0.9369,0.872,0.9242,1.051,1.29,1.6828,1.4263,0.8189,0.0
YWHAH,0.9999,0.9211,0.7141,0.3173,0.1563,0.0843,0.0196,0.0258,0.0296,0.0
ZDHHC5,1.0,0.4528,0.3843,0.423,0.904,1.2275,1.3502,0.5963,0.3231,0.0
ZYX,0.9999,0.9548,0.8248,0.6135,0.4529,0.3975,0.1838,0.2321,0.214,0.0
