Accession,T37.0,T44.0,T47.6,T50.5,T53.4,T56.5,T59.1,T62.2,T65.6,RSD
A2M,0.9999,1.2733,1.4182,1.1634,1.1515,0.9603,1.1167,0.8058,0.857,0.0
ABCC1,0.9999,1.2232,1.1699,0.9672,0.8294,0.3921,0.0691,0.0716,0.0637,0.0
ABCC4,0.9999,1.2745,1.2085,1.0752,0.8701,0.9873,0.7852,0.1907,0.0957,0.0
ACLY,0.9999,1.229,1.1755,0.624,0.1856,0.1128,0.1167,0.1003,0.0936,0.0
ACPP,0.9998,2.0123,2.2486,2.237,1.5298,1.2418,1.086,0.4338,0.8031,0.0
ACSL1,0.9999,1.1395,1.0807,0.6565,0.2738,0.1132,0.059,0.122,0.1065,0.0
ACTN1,0.9999,1.2614,1.5747,1.5518,1.7705,1.0551,0.4,0.184,0.172,0.0
ADA,0.9998,1.4396,1.4966,1.4893,1.5792,1.0676,1.2053,0.6191,0.4433,0.0
ADAM10,0.9999,1.0851,1.064,0.8987,0.864,0.6908,0.5358,0.313,0.2495,0.0
ADAM17,0.9999,1.0313,0.9971,0.821,0.6889,0.4049,0.3343,0.2104,0.1864,0.0
ADAM22,0.9999,1.2597,1.1269,0.8366,0.8552,0.7136,0.6003,0.4394,0.2333,0.0
ADAM9,0.9999,1.1389,1.239,0.9785,0.9661,0.9419,0.9863,0.9115,0.9025,0.0
ADCY3,0.9999,0.963,0.9427,0.9281,0.7227,0.6352,0.6814,0.2423,0.206,0.0
ADCY7,0.9999,1.003,0.8366,0.3205,0.0,0.0,0.0,0.1174,0.0907,0.0
ADCY9,0.9999,1.1581,1.078,0.8957,0.5287,0.1616,0.1146,0.1668,0.1572,0.0
ADPGK,0.9999,1.2875,1.2677,0.9462,0.8707,0.5056,0.3523,0.4372,0.252,0.0
AFP,0.9999,1.4299,1.4482,1.3449,1.395,1.1133,1.7167,2.1569,1.9581,0.0
AGTRAP,0.9999,1.0155,0.9158,1.0932,1.2697,0.9295,1.0594,1.0856,1.7957,0.0
AHNAK,0.9999,1.2416,1.3075,0.9428,0.9787,1.076,0.602,0.8872,0.5634,0.0
AHSG,0.9999,1.3353,1.2888,1.6416,1.5267,1.3272,1.8009,2.0412,1.9885,0.0
ALCAM,0.9999,1.0369,0.9774,0.8743,0.8929,0.8011,0.7865,0.7414,0.6349,0.0
ANKH,0.9999,1.168,1.2227,1.2288,1.1873,1.0718,1.1504,1.2587,1.8032,0.0
ANO6,0.9999,1.124,1.145,1.0466,0.9347,0.8711,0.1525,0.0789,0.08,0.0
ANPEP,0.9999,1.0499,1.037,0.908,0.8697,0.8393,0.8278,0.7947,0.8791,0.0
ANTXR2,0.9999,1.1874,1.2204,1.0844,0.9526,0.8424,0.7963,0.7146,0.6187,0.0
ANXA2,0.9999,1.1852,1.1815,1.0906,0.7238,0.4247,0.4237,0.2326,0.1707,0.0
AOAH,0.9999,1.1204,1.1286,0.9434,0.8078,0.6463,0.5961,0.8036,1.4728,0.0
AP2A1,0.9999,1.2823,1.2707,0.7668,0.5884,0.3566,0.2592,0.1555,0.1699,0.0
AP2B1,0.9999,1.0895,1.0094,0.5932,0.4162,0.2707,0.1779,0.0579,0.3592,0.0
APLP2,0.9999,1.1078,0.7329,1.0005,0.818,0.637,0.6908,0.3951,0.7035,0.0
APOA1BP,0.9999,1.5062,1.5967,1.4452,1.4186,1.5219,1.2981,1.4495,1.3077,0.0
APOB,0.9999,1.4412,1.7091,1.1819,1.4046,1.2811,1.3891,0.7297,0.8015,0.0
APOC3,0.9999,1.1743,1.152,0.901,1.0717,0.86,0.9714,1.103,1.1497,0.0
APOE,0.9999,1.3247,1.2666,1.1806,1.036,1.0089,0.9926,1.0257,0.9541,0.0
APOH,0.9999,1.2408,1.3039,1.1407,1.1077,1.009,0.9296,0.6303,0.6428,0.0
APP,0.9999,1.3962,1.0645,0.6683,0.4837,0.3805,0.3819,0.5338,0.7569,0.0
ARF6,0.9999,1.254,1.3608,1.3434,0.9921,0.5732,0.2913,0.1461,0.1324,0.0
ARMET,0.9999,1.1061,1.191,1.0904,1.1549,1.2284,1.199,1.6093,0.9675,0.0
ARPC2,0.9998,1.0833,1.3004,1.7867,1.9019,1.7836,1.6651,0.8511,0.4302,0.0
ART3,0.9999,1.1477,1.1335,0.9079,0.8245,0.6707,0.8112,0.8056,0.7739,0.0
ATP11A,0.9999,1.0242,1.0254,0.8412,0.7568,0.6076,0.2155,0.0907,0.0811,0.0
ATP11B,0.9999,0.9722,1.0789,1.2248,1.0513,0.9893,0.6522,0.204,0.1446,0.0
ATP11C,0.9999,1.176,1.3065,1.1912,1.0834,0.61,0.177,0.1094,0.1014,0.0
ATP13A1,0.9999,1.2673,1.063,0.8712,0.5612,0.1827,0.1311,0.0463,0.1796,0.0
ATP1A1,0.9999,1.169,1.1391,0.9124,0.9188,0.9399,0.9776,0.2273,0.1708,0.0
ATP1B1,0.9999,1.0487,0.9893,0.8905,0.9029,0.7941,0.5105,0.1944,0.1919,0.0
ATP1B3,0.9999,1.0901,1.0053,0.9092,0.9112,0.8282,0.529,0.1779,0.1788,0.0
ATP2A2,0.9999,1.2246,1.0697,0.685,0.2444,0.0953,0.0921,0.1138,0.1177,0.0
ATP2B4,0.9999,1.3022,1.3479,1.0224,0.9617,0.893,0.5297,0.2678,0.2369,0.0
ATP5A1,0.9999,1.2714,1.3655,1.2468,1.1858,1.2907,1.2712,1.4164,0.5137,0.0
ATP5B,0.9999,1.1553,1.1849,1.0877,0.9787,0.966,0.7257,0.9538,0.4444,0.0
ATP5O,0.9999,1.2604,1.307,1.1403,1.1735,1.4078,1.4486,1.8756,0.2813,0.0
ATP6AP1,0.9999,1.2304,1.2427,1.1355,1.0139,0.7624,0.593,0.6112,1.2107,0.0
ATP6V0A2,0.9999,1.4422,1.3889,1.1552,0.9678,0.9135,0.8641,1.341,0.5546,0.0
ATP6V0D1,0.9999,1.3103,1.4019,1.3351,1.2897,1.1944,1.4208,1.0927,0.6305,0.0
ATP6V1A,0.9999,1.4524,1.6546,1.222,1.0035,0.7507,0.5708,0.246,0.1637,0.0
ATP6V1B2,0.9999,1.33,1.3003,1.0951,0.9684,0.7469,0.7341,0.5017,0.3394,0.0
ATP6V1E1,0.9999,1.3099,1.0755,1.0229,0.8837,0.5835,0.3282,0.2103,0.0992,0.0
ATP6V1H,0.9999,1.308,1.4399,1.1486,0.9025,0.785,0.4332,0.3765,0.1386,0.0
ATP7A,0.9999,1.0475,1.0341,0.5227,0.2847,0.228,0.209,0.129,0.1088,0.0
ATPIF1,0.9999,1.0727,1.0446,0.9267,0.823,0.8085,0.7044,1.0597,0.8348,0.0
ATRN,0.9999,1.0922,1.049,0.8201,0.7381,0.6084,0.5245,0.4405,0.4043,0.0
B2M,0.9999,1.2031,1.3288,0.9783,0.8637,0.9623,1.3123,1.8712,3.4397,0.0
B4GALT1,0.9999,1.252,1.3432,0.8183,0.4078,0.2261,0.13,0.0053,0.0324,0.0
BASP1,0.9999,0.9852,1.0991,1.1853,1.2493,1.496,1.8201,3.1146,8.4293,0.0
BCAP31,0.9999,1.0895,1.1166,1.2916,1.4592,1.5987,1.44,2.0972,4.194,0.0
BSG,0.9999,1.0828,1.0736,0.938,1.0063,0.956,0.9935,0.8818,0.7245,0.0
BST1,0.9999,1.1406,1.0757,1.0081,0.9888,0.9097,0.9598,0.8422,0.9338,0.0
BST2,0.9999,1.043,1.1397,0.959,0.9548,0.8454,0.8605,0.8902,0.9392,0.0
BTN2A1,0.9999,1.105,1.0516,0.9748,0.8212,0.1993,0.0456,0.1087,0.1492,0.0
C11ORF59,0.9999,1.1648,1.0941,1.3605,1.0876,1.1232,0.815,0.82,0.5779,0.0
C1QBP,0.9999,0.9212,0.8042,0.4093,0.1831,0.0835,0.0404,0.0763,0.0575,0.0
C1S,0.9999,1.2348,1.4173,0.7727,0.7736,0.8316,0.9175,0.3528,0.4127,0.0
C20ORF103,0.9999,1.1054,1.1253,1.0039,0.9131,0.7281,0.4513,0.2802,0.2855,0.0
C20ORF3,0.9999,1.1037,1.1165,1.0995,1.0062,0.8197,0.5486,0.2033,0.0594,0.0
C4B,0.9999,0.9274,0.97,0.7362,0.5446,0.4769,0.3042,0.2471,0.2725,0.0
C8ORF55,0.9999,1.1458,1.1421,0.9397,0.8768,0.8564,0.707,0.5603,0.6449,0.0
CAD,0.9999,1.2302,1.1075,0.4696,0.0528,0.0344,0.0309,0.0657,0.0747,0.0
CADM4,0.9999,1.1261,1.1489,0.9102,0.902,0.8157,0.6867,0.5593,0.4466,0.0
CALR,0.9999,1.3195,1.4399,1.066,0.8593,0.7307,0.6374,0.4732,0.4287,0.0
CAP1,0.9999,1.1661,1.3018,1.2491,1.0611,0.4871,0.3883,0.1182,0.1711,0.0
CAPN1,0.9999,1.4644,1.6046,1.1625,1.0914,1.0147,1.1699,0.7884,0.2404,0.0
CAPN2,0.9999,1.6349,1.7089,1.3373,1.1304,0.769,0.3156,0.09,0.0699,0.0
CAT,0.9999,1.2155,1.2692,1.0769,1.1321,1.0399,0.8606,1.1418,0.8243,0.0
CCDC134,0.9999,1.2111,1.186,0.8968,0.5548,0.3002,0.3135,0.1873,0.2333,0.0
CCL5,0.9999,1.2005,1.0781,0.8502,0.7576,0.7107,0.8157,0.6414,1.0678,0.0
CCT3,0.9999,1.2502,1.403,1.2744,1.0826,0.6975,0.2519,0.1801,0.1889,0.0
CD151,0.9999,1.2673,1.1754,1.0333,0.8522,0.7918,0.6828,0.8244,0.8865,0.0
CD244,0.9999,1.1016,1.0404,0.919,0.8123,0.6917,0.5998,0.4861,0.3894,0.0
CD300LF,0.9999,1.0155,0.9262,0.7554,0.5876,0.4225,0.3474,0.3183,0.305,0.0
CD302,0.9999,0.9994,0.9665,0.8752,0.7959,0.5418,0.4604,0.3806,0.282,0.0
CD320,0.9999,1.0305,0.8688,0.8603,0.723,0.6393,0.5415,0.7239,0.9549,0.0
CD36,0.9999,1.0217,1.0072,0.8511,0.841,0.7921,0.7445,0.5713,0.4882,0.0
CD38,0.9999,1.1246,1.075,0.9924,0.9309,0.742,0.6908,0.5474,0.4167,0.0
CD4,0.9999,1.2945,1.3001,1.0277,0.9119,0.7213,0.7489,0.6916,0.526,0.0
CD44,0.9999,1.0453,1.0088,0.8801,0.878,0.8559,0.8285,0.7094,0.4988,0.0
CD46,0.9999,1.4169,1.5022,1.3464,1.2556,1.7861,1.7026,1.7736,1.4774,0.0
CD47,0.9999,1.0146,0.9618,0.8638,0.8676,0.8002,0.8349,0.8839,0.9729,0.0
CD48,0.9999,1.0885,1.0409,0.9633,0.8983,0.789,0.804,0.6922,0.4988,0.0
CD55,0.9999,1.0087,1.005,0.9266,0.9527,1.0916,1.1787,2.0137,2.7361,0.0
CD63,0.9999,1.1516,1.1962,1.1912,1.2206,0.9393,1.277,1.9536,5.2562,0.0
CD69,0.9999,1.0885,1.0416,0.9664,1.0075,0.8747,0.8202,0.7427,0.5606,0.0
CD70,0.9999,1.1343,1.1208,0.9087,0.8508,0.7255,0.6941,0.5606,0.5849,0.0
CD74,0.9999,1.0989,1.1176,1.0058,0.8746,0.6803,0.5506,0.5134,0.6355,0.0
CD82,0.9999,0.9236,0.8662,0.931,1.0336,1.0059,1.1502,1.1305,1.0755,0.0
CD84,0.9999,0.9936,0.917,0.6869,0.5826,0.381,0.2816,0.2164,0.1584,0.0
CD93,0.9999,1.0429,1.0369,0.8577,0.8299,0.6907,0.5307,0.4132,0.2724,0.0
CD97,0.9999,1.0898,1.0995,0.9345,0.8878,0.8324,0.8137,0.7049,0.5313,0.0
CD99,0.9999,1.1642,1.1946,0.9598,1.0136,0.8918,1.0185,0.9605,0.9679,0.0
CD99L2,0.9998,1.1463,1.2596,1.586,1.592,1.466,1.4844,0.4572,0.3587,0.0
CDC42,0.9999,1.1418,1.2284,1.2343,1.3862,1.7025,2.5726,3.209,2.6328,0.0
CDK5,0.9999,1.1339,0.9636,0.2861,0.1511,0.0567,0.1062,0.0647,0.1219,0.0
CECR1,0.9999,1.4209,1.491,1.5281,1.6093,1.2744,1.587,1.7072,3.8568,0.0
CHID1,0.9999,0.7637,0.8095,1.0575,0.7577,0.6217,0.5678,0.2217,0.1743,0.0
CKAP4,0.9999,1.1026,1.0338,0.7795,0.5072,0.3949,0.3143,0.3431,0.3758,0.0
CLDND1,0.9999,1.1053,1.1199,0.9412,0.9462,0.8131,0.7051,0.6178,0.5061,0.0
CLEC12A,0.9999,1.1143,1.0288,0.9013,0.8356,0.6862,0.5584,0.4911,0.4193,0.0
CLEC2A,0.9999,1.1183,1.1054,1.0249,1.0053,0.9117,0.8808,0.7908,0.6378,0.0
CLEC2B,0.9999,1.0219,0.9827,0.8132,0.7738,0.7316,0.6886,0.7522,0.8055,0.0
CLEC5A,0.9999,1.0608,1.0098,0.9432,0.8974,0.8512,0.8404,0.7075,0.498,0.0
CLIC1,0.9999,1.2895,1.3446,1.0719,0.4348,0.1427,0.0884,0.0825,0.0803,0.0
CLN3,0.9999,1.4176,1.1595,1.1606,1.6343,1.2082,1.4882,1.1197,2.1539,0.0
CLNS1A,0.9999,1.096,1.1176,1.0679,0.6849,0.2355,0.1587,0.1605,0.1064,0.0
CLPTM1,0.9999,1.1366,1.0934,0.6977,0.448,0.328,0.2325,0.1519,0.1279,0.0
CLTC,0.9999,1.4667,1.4219,0.8484,0.1648,0.0986,0.0891,0.0948,0.0884,0.0
CLU,0.9999,1.2018,1.1436,0.8345,0.6848,0.5067,0.5531,0.2648,0.3603,0.0
CNNM2,0.9999,1.143,1.248,0.7062,0.2798,0.0534,0.0931,0.1668,0.4111,0.0
CNNM3,0.9999,1.0833,1.0334,0.5379,0.2343,0.0321,0.0223,0.1319,0.0996,0.0
CNNM4,0.9999,1.1275,0.9985,0.4276,0.0682,0.0392,0.0323,0.1146,0.1525,0.0
CNP,0.9999,1.017,1.0578,0.6891,0.403,0.2259,0.2883,0.1863,0.1778,0.0
CNTNAP2,0.9999,0.8803,0.8068,0.8446,0.8255,0.6481,0.7004,0.6275,0.6071,0.0
COL1A2,0.9999,1.1406,1.0884,0.7103,0.7643,0.5365,0.6852,1.0664,1.035,0.0
COPB1,0.9999,1.235,1.1611,0.7138,0.2616,0.1573,0.1351,0.1063,0.1161,0.0
CORO1A,0.9999,1.2363,1.1768,0.3512,0.2236,0.1526,0.0792,0.1417,0.321,0.0
CPD,0.9999,1.2945,1.2074,0.9354,0.7683,0.5583,0.4467,0.3713,0.3867,0.0
CPM,0.9999,1.0419,0.9665,0.8635,0.7732,0.6031,0.4953,0.3691,0.3003,0.0
CPNE1,0.9999,1.3343,1.2529,0.7415,0.2678,0.0703,0.0788,0.09,0.0621,0.0
CPVL,0.9999,1.1443,1.4118,1.5569,1.2969,1.0871,1.324,0.7296,0.7675,0.0
CRELD2,0.9999,1.254,1.2569,1.4033,1.3397,1.0734,1.1594,1.3791,1.1471,0.0
CS,0.9999,1.1519,1.0755,0.8297,0.5376,0.1706,0.0675,0.1076,0.1224,0.0
CSF2RA,0.9999,1.014,0.9515,0.8068,0.6133,0.4242,0.4312,0.3393,0.2681,0.0
CST3,0.9999,1.0589,0.9861,1.1191,1.1398,0.9097,0.9173,0.7933,1.0123,0.0
CST7,0.9999,1.1539,1.1082,1.1236,1.1088,0.9821,1.0753,1.0081,1.9429,0.0
CTSB,0.9999,1.1902,1.2307,1.4462,1.1358,0.7108,0.6414,1.0518,1.2629,0.0
CTSG,0.9999,1.3026,1.3469,0.9805,1.0336,0.7773,0.7328,0.4554,0.3843,0.0
CTSZ,0.9999,0.902,1.1389,0.8446,0.8843,0.5888,0.5261,1.3361,4.3117,0.0
CUTA,0.9999,1.065,1.0995,1.0429,0.9208,0.7015,0.6922,1.1011,0.8824,0.0
CXCR4,0.9999,1.3204,1.1767,0.9578,0.9323,1.0134,0.8348,0.7654,0.5031,0.0
CYBB,0.9999,0.9764,0.9232,0.7313,0.6899,0.5197,0.5089,0.3368,0.308,0.0
CYBRD1,0.9999,1.0233,1.1934,1.0923,1.1737,1.1322,1.1113,0.533,0.4859,0.0
DAG1,0.9999,1.048,0.905,0.8852,0.8826,0.8218,0.766,0.6024,0.3809,0.0
DCI,0.9999,1.1831,1.2649,1.0688,0.9728,0.8453,0.8601,1.4483,1.2371,0.0
DCXR,0.9999,1.0927,1.1651,0.9772,0.857,0.7068,0.4733,0.2568,0.13,0.0
DJ-1,0.9998,1.5496,1.4315,1.9605,1.7122,1.3854,1.0296,0.4067,0.2802,0.0
DLL1,0.9999,1.1667,1.2176,0.9565,0.9387,0.6541,0.4944,0.4204,0.285,0.0
DLST,0.9999,1.1911,1.2063,0.9831,0.9315,1.1065,1.2841,2.0198,2.6589,0.0
DNAJA1,0.9999,1.1724,0.9366,0.7277,0.7373,0.625,0.2091,0.0681,0.0738,0.0
DNAJC13,0.9999,1.2123,1.0557,0.5157,0.4451,0.3058,0.2641,0.2079,0.1649,0.0
DOPEY2,0.9999,1.2331,1.2124,0.8296,0.5298,0.1187,0.1363,0.133,0.1709,0.0
DSTN,0.9999,1.1449,1.1349,0.946,0.5329,0.2843,0.1848,0.1654,0.1485,0.0
DYNC1LI1,0.9999,1.2465,1.0699,0.8221,0.3266,0.0856,0.1051,0.0606,0.0796,0.0
ECE1,0.9999,1.0303,1.1472,1.0559,1.0223,0.8773,0.8398,0.6107,0.636,0.0
EDEM2,0.9999,1.4249,1.2376,0.881,0.5984,0.3878,0.335,0.232,0.1068,0.0
EEF2,0.9999,1.3192,1.3136,1.182,1.0808,0.8344,0.4988,0.1418,0.1394,0.0
EFHD2,0.9998,1.3773,1.4346,1.0508,0.5148,0.2686,0.1958,0.3064,0.5143,0.0
EFNB1,0.9999,1.0985,0.9502,0.7536,0.6321,0.4259,0.3596,0.3281,0.2781,0.0
EIF5,0.9998,1.7062,1.81,0.801,0.383,0.1543,0.243,0.0253,0.0679,0.0
ELA2,0.9999,1.0745,1.0809,0.8927,0.6898,0.5796,0.4903,0.4529,0.4315,0.0
ELMO1,0.9999,1.1139,0.8895,0.1175,0.0133,0.0227,0.0355,0.0464,0.0309,0.0
EMB,0.9999,1.0606,1.0031,0.9249,0.9248,0.9364,0.9699,0.8667,0.698,0.0
EMP2,0.9999,0.9029,0.9878,0.8999,0.9902,0.8821,0.9698,0.7573,0.9984,0.0
EMP3,0.9999,1.2465,1.219,1.2576,1.2833,1.183,1.2343,1.4737,1.5076,0.0
EMR2,0.9999,1.1742,1.1635,0.9372,0.9613,0.8263,0.8149,0.529,0.2553,0.0
ENG,0.9999,1.0197,1.0388,0.8074,0.7566,0.6388,0.6053,0.5424,0.4087,0.0
ENO1,0.9998,1.2789,1.4811,1.7235,1.5544,1.427,1.4926,0.4705,0.2107,0.0
ENTPD1,0.9999,1.1533,1.1386,0.9678,0.8824,0.7241,0.643,0.4853,0.4035,0.0
ENTPD6,0.9999,1.1755,1.0703,0.5938,0.3006,0.1816,0.2771,0.2182,0.2557,0.0
EPHB4,0.9999,0.9067,0.312,0.1511,0.1149,0.0901,0.0755,0.0821,0.0685,0.0
ERLIN2,0.9999,1.2874,1.0306,0.389,0.1888,0.1172,0.0786,0.0739,0.082,0.0
ERP29,0.9999,1.0665,1.1351,1.2319,1.1233,1.0815,1.0818,0.6237,0.4565,0.0
EVI2B,0.9999,1.1234,1.0549,0.9562,0.7713,0.9181,0.7855,0.76,0.1521,0.0
F3,0.9999,1.514,1.169,0.8322,0.8055,1.0222,0.7986,0.6084,0.6649,0.0
F5,0.9999,1.1716,1.143,1.0312,0.92,0.5549,0.253,0.1404,0.1141,0.0
FAM3A,0.9999,1.0285,1.0389,0.5472,0.429,0.2662,0.2416,0.1976,0.2331,0.0
FAM3C,0.9999,1.2088,1.2689,1.085,0.9357,0.8004,0.7323,0.5144,0.7769,0.0
FAM49B,0.9999,1.2141,1.3167,1.1716,1.0615,0.4685,0.1766,0.2082,0.186,0.0
FAM62A,0.9999,1.1988,1.1722,0.5263,0.2361,0.0626,0.0495,0.1062,0.1122,0.0
FAM62B,0.9999,1.1576,1.1675,0.7672,0.3955,0.1631,0.1456,0.2197,0.1944,0.0
FAS,0.9999,1.1319,1.0758,0.8799,0.7221,0.4636,0.4113,0.3377,0.2819,0.0
FASN,0.9999,1.3375,1.2499,0.7203,0.2431,0.0838,0.0738,0.1031,0.092,0.0
FCAR,0.9999,1.2365,1.2543,0.9703,1.0164,0.9063,0.8423,0.527,0.5011,0.0
FCER1G,0.9999,1.0154,0.9347,0.8479,0.9088,0.8747,1.1707,1.164,0.9951,0.0
FCER2,0.9999,1.0503,1.0072,0.7998,0.7232,0.6267,0.5502,0.4173,0.3131,0.0
FCGR2C,0.9999,1.1058,1.0709,0.9059,0.8729,0.7019,0.6338,0.6564,0.424,0.0
FLNA,0.9999,1.266,1.1286,0.3505,0.1844,0.126,0.107,0.1129,0.1338,0.0
FLVCR1,0.9999,1.151,1.0738,1.0203,0.9918,0.9323,0.8876,0.7098,0.1318,0.0
FOLR3,0.9999,1.3795,1.3469,1.2092,0.9018,1.0271,0.8342,0.9698,0.8037,0.0
FUCA2,0.9999,1.7744,1.6265,1.9934,1.8666,1.2051,1.0726,0.8952,0.3307,0.0
FZD1,0.9999,1.0522,1.0615,1.0207,0.9134,0.8456,0.773,0.4467,0.1243,0.0
FZD2,0.9999,1.0598,1.0311,0.7158,0.7368,0.5892,0.5987,0.4664,0.142,0.0
G6PD,0.9999,1.27,1.2588,0.8825,0.7335,0.4009,0.2128,0.1539,0.1172,0.0
GAPDH,0.9999,1.57,1.7847,1.6156,1.7689,1.6111,1.627,1.3881,0.9763,0.0
GBAS,0.9999,0.8917,0.9243,0.6644,0.5656,0.4809,0.3383,0.5239,0.3693,0.0
GGT1,0.9999,1.0375,1.0183,0.9236,0.8901,0.8316,0.7691,0.5954,0.5133,0.0
GGT5,0.9999,1.1119,0.9714,0.8462,0.818,0.685,0.3906,0.3357,0.1854,0.0
GLG1,0.9999,1.0932,1.1198,0.9706,0.8455,0.8488,0.6735,0.7975,1.3292,0.0
GNA13,0.9999,1.0397,1.0997,0.8901,0.5733,0.3527,0.1846,0.1391,0.1272,0.0
GNAI2,0.9999,1.2511,1.2351,0.9559,0.697,0.3738,0.2858,0.1529,0.1211,0.0
GNB1,0.9999,1.5893,1.6675,1.1573,1.0868,0.6142,0.4187,0.2198,0.1404,0.0
GNB2,0.9999,1.685,1.5605,1.1339,0.8291,0.3646,0.2741,0.118,0.1116,0.0
GNB2L1,0.9999,1.6711,1.7072,1.2957,1.1604,0.8572,0.2955,0.0631,0.0844,0.0
GNG5,0.9999,1.3073,1.1134,1.0287,0.9681,0.9438,1.3045,1.0293,0.8495,0.0
GOLM1,0.9999,1.1231,1.1324,0.9746,0.966,0.9955,1.0061,1.3337,1.913,0.0
GOLPH3,0.9999,1.2925,1.098,0.8602,0.5901,0.3388,0.2962,0.1744,0.1646,0.0
GOT2,0.9999,1.3337,1.3815,1.2598,1.2368,1.1333,1.1614,2.2183,0.8994,0.0
GPC1,0.9999,1.1133,1.1127,0.9335,0.8886,0.801,0.769,0.8376,0.608,0.0
GPD1L,0.9999,1.1325,1.2343,1.1196,0.6219,0.5633,0.1839,0.0848,0.0517,0.0
GPI,0.9999,1.3537,1.5821,1.4054,1.1372,0.7962,0.5261,0.2219,0.143,0.0
GPNMB,0.9999,1.1455,1.0871,0.868,0.6614,0.5523,0.4759,0.6151,0.9627,0.0
GPR124,0.9999,1.0266,1.0412,0.8438,0.6964,0.5695,0.4257,0.3897,0.2595,0.0
GPR180,0.9999,1.2546,1.0255,0.7873,0.3383,0.2301,0.1846,0.1317,0.1868,0.0
GPR84,0.9999,1.0566,0.9199,0.7673,0.5062,0.52,0.5838,0.5747,0.6092,0.0
GRN,0.9999,1.2015,1.2068,1.0164,0.9921,0.8475,0.8569,1.0121,1.3443,0.0
GSR,0.9999,1.1469,1.2079,1.0291,1.0276,0.9809,0.8691,1.3528,1.7153,0.0
GSTP1,0.9998,1.2474,1.4446,1.8445,1.2929,0.889,0.6722,0.1743,0.1606,0.0
HCK,0.9999,1.0791,1.1526,0.5561,0.3861,0.234,0.3089,0.2121,0.1998,0.0
HCST,0.9999,1.0889,0.9949,1.0084,1.0765,0.9815,0.9116,0.6686,0.7057,0.0
HINT1,0.9999,1.4807,1.6041,1.4979,1.4164,1.0948,1.2783,0.7176,0.4483,0.0
HM13,0.9999,1.1435,1.1959,1.0593,0.881,0.7049,0.6173,0.6885,0.5997,0.0
HMGB1,0.9999,1.0623,1.0019,0.7462,0.5129,0.2568,0.2419,0.4514,0.3368,0.0
HNRNPM,0.9999,0.8555,0.5708,0.314,0.2711,0.213,0.1757,0.2969,0.4032,0.0
HSD17B10,0.9999,1.2863,1.3257,1.2074,1.047,0.7644,0.1093,0.0534,0.0378,0.0
HSD17B11,0.9999,1.1741,1.1191,0.8485,0.7014,0.5161,0.3383,0.3935,0.3959,0.0
HSP90AA1,0.9999,1.1408,1.1906,1.077,1.0584,0.9056,0.6869,0.6498,0.1563,0.0
HSP90AB1,0.9999,1.2554,1.2666,1.1728,0.9174,0.4117,0.1066,0.0755,0.0688,0.0
HSP90B1,0.9999,1.2162,1.241,1.0717,0.8511,0.6687,0.5446,0.2981,0.2016,0.0
HSPA5,0.9999,1.0917,1.0186,0.7793,0.5944,0.591,0.507,0.3596,0.3111,0.0
HSPA8,0.9999,0.9169,0.8885,0.6582,0.6181,0.6191,0.28,0.0907,0.1348,0.0
HSPB1,0.9999,0.9827,1.0026,0.5524,0.4517,0.3873,0.4271,0.4523,0.3456,0.0
HSPD1,0.9999,1.1698,1.1959,1.1534,1.0617,0.8448,0.5457,0.2941,0.0432,0.0
ICAM1,0.9999,1.0764,1.0559,0.8984,0.8753,0.8126,0.6668,0.5478,0.4899,0.0
ICAM2,0.9999,1.0517,0.9735,0.7967,0.5139,0.2425,0.1974,0.2228,0.2911,0.0
ICAM3,0.9999,1.0113,1.0078,0.8712,0.843,0.685,0.5955,0.4422,0.3948,0.0
IFNAR1,0.9999,1.0373,0.9866,0.7019,0.501,0.3613,0.3059,0.2878,0.2264,0.0
IFNGR1,0.9999,1.0921,1.0392,0.9018,0.861,0.7124,0.6813,0.439,0.2237,0.0
IGF1R,0.9999,0.8642,0.3643,0.2051,0.1844,0.1111,0.1514,0.1787,0.2075,0.0
IGF2R,0.9999,1.3299,1.4186,1.3704,1.2695,0.9663,0.7553,0.5281,0.5083,0.0
IGFBP7,0.9999,1.0938,1.157,0.9182,0.8984,0.7811,0.6751,0.8491,1.2865,0.0
IL10RB,0.9999,1.1173,0.9554,0.8259,0.6176,0.4365,0.3053,0.1987,0.1294,0.0
IL18R1,0.9999,1.0558,0.932,0.705,0.3343,0.137,0.0835,0.0707,0.0981,0.0
IL1RAP,0.9999,0.9668,0.9345,0.7173,0.6147,0.3503,0.1272,0.0635,0.0556,0.0
IL27RA,0.9999,1.2608,0.9479,0.9779,0.7605,0.527,0.4313,0.6383,0.4096,0.0
IL2RG,0.9999,1.0388,1.117,0.747,0.5466,0.3859,0.2641,0.2328,0.1666,0.0
IL6R,0.9999,1.0728,1.0593,0.841,0.6548,0.4995,0.479,0.4208,0.3923,0.0
INSR,0.9999,0.7465,0.3001,0.1442,0.0947,0.0853,0.0808,0.0793,0.0948,0.0
IQGAP1,0.9999,1.3432,1.2236,0.7415,0.1965,0.2372,0.1989,0.1264,0.0822,0.0
ITFG1,0.9999,1.2479,1.3977,1.2412,1.1,0.8453,0.6187,0.7428,0.9321,0.0
ITFG3,0.9999,1.1273,1.0209,0.9605,0.9099,0.844,0.7507,0.5995,0.358,0.0
ITGA3,0.9999,1.2401,1.1596,0.7442,0.9355,0.8326,0.6836,0.7139,0.5371,0.0
ITGA4,0.9999,1.0563,1.0271,0.866,0.7377,0.4752,0.3679,0.3091,0.2423,0.0
ITGA5,0.9999,1.0338,1.0076,0.8739,0.854,0.8004,0.6982,0.5637,0.4605,0.0
ITGA6,0.9999,1.0616,0.9925,0.7994,0.72,0.5536,0.4816,0.3599,0.2828,0.0
ITGAL,0.9999,1.0714,1.0203,0.914,0.8423,0.7206,0.6008,0.4181,0.3105,0.0
ITGAM,0.9999,1.1021,1.0925,0.9184,0.9329,0.8039,0.7933,0.4593,0.3958,0.0
ITGAV,0.9999,0.9934,1.0763,0.74,0.7385,0.5838,0.5107,0.377,0.4322,0.0
ITGAX,0.9999,1.1227,1.0437,0.8793,0.8749,0.6515,0.5363,0.4052,0.3145,0.0
ITGB1,0.9999,1.007,0.9876,0.9094,0.896,0.8115,0.8142,0.771,0.6117,0.0
ITGB2,0.9999,1.0102,1.0424,0.8699,0.8155,0.7333,0.7161,0.6328,0.5978,0.0
ITGB5,0.9999,0.879,1.3056,0.5497,0.5122,0.464,0.3543,0.6526,0.4829,0.0
ITIH2,0.9999,1.2578,1.1553,1.0635,1.0055,0.91,0.9166,0.8332,0.7611,0.0
ITM2B,0.9999,1.0546,1.0206,0.6953,0.5494,0.4777,0.4504,0.2865,0.177,0.0
JAG1,0.9999,0.9887,0.9538,0.742,0.7751,0.5209,0.4967,0.2478,0.2274,0.0
JTB,0.9999,1.2247,1.2463,1.2299,1.292,1.2348,1.519,2.1091,3.5191,0.0
KCNAB2,0.9998,1.0021,1.2169,1.2493,0.9684,1.1616,1.2181,0.8622,0.5965,0.0
KCNN4,0.9999,1.1667,1.2978,0.8948,1.185,1.1656,1.2753,0.9191,0.8726,0.0
KIAA1797,0.9999,1.411,1.7544,1.3575,0.8115,0.1986,0.0885,0.1892,0.182,0.0
KTN1,0.9999,1.1955,0.9972,0.3929,0.2014,0.1024,0.0732,0.1684,0.1303,0.0
LAMP1,0.9999,1.6303,1.6577,1.7324,1.7417,1.4204,1.3867,1.6436,2.0926,0.0
LAMP2,0.9999,1.6932,1.7275,1.7094,1.7895,1.5485,1.7319,1.5731,1.9463,0.0
LAT2,0.9999,1.0576,1.1372,0.706,0.6596,0.6875,0.9764,0.8548,0.809,0.0
LCP1,0.9999,1.2809,1.3359,1.3371,1.236,0.7834,0.4525,0.2745,0.2431,0.0
LDLR,0.9999,0.9287,1.1681,1.0792,0.9522,0.8209,0.8193,0.622,0.9418,0.0
LGALS1,0.9999,1.1944,1.3037,1.2421,1.277,1.1616,0.885,0.4241,0.3202,0.0
LMAN2,0.9999,1.0862,1.0635,0.7694,0.473,0.276,0.1845,0.1683,0.1643,0.0
LNPEP,0.9999,1.2262,1.407,1.3147,1.2992,1.1277,1.143,1.5594,2.5137,0.0
LPXN,0.9999,1.5036,0.9533,0.2093,0.1142,0.0885,0.1072,0.2084,0.0894,0.0
LRG1,0.9998,1.6487,1.9145,1.1582,1.0142,0.8461,0.2323,1.1256,1.4233,0.0
LRP8,0.9999,1.1692,1.4427,0.9999,1.1247,0.8678,0.872,0.8515,1.0495,0.0
LRPAP1,0.9999,1.1453,1.1831,1.054,1.0124,0.8901,0.7278,0.9887,0.9678,0.0
LRRC4B,0.9999,0.9168,0.7908,0.6795,0.5872,0.4209,0.2953,0.2297,0.201,0.0
LRRC8C,0.9999,1.2055,1.0996,0.6632,0.4754,0.2069,0.1079,0.0382,0.0169,0.0
LRRC8D,0.9999,1.0949,1.0067,0.8521,0.621,0.2966,0.1152,0.1392,0.2624,0.0
LTBR,0.9999,1.0462,0.9827,0.7627,0.7505,0.5233,0.5512,0.5129,0.5421,0.0
LYN,0.9999,1.089,1.0889,0.3737,0.2533,0.2371,0.1922,0.1395,0.1233,0.0
M11S1,0.9999,1.0917,1.2363,0.8134,0.7423,0.4875,0.2595,0.383,0.1968,0.0
M6PR,0.9999,1.4722,1.586,1.9053,2.0061,1.8819,2.2014,3.2613,6.0869,0.0
MACF1,0.9999,1.1429,0.9918,0.3429,0.2606,0.1721,0.1647,0.3087,0.3293,0.0
MAGT1,0.9999,1.0446,1.0395,0.7883,0.4609,0.2312,0.2185,0.2203,0.2324,0.0
MAN2B2,0.9999,1.0539,1.041,0.8812,0.3623,0.1721,0.1126,0.2022,0.0642,0.0
MAP4,0.9999,1.1369,1.2419,1.1096,1.1332,1.0252,1.0544,0.7013,0.4076,0.0
MDH2,0.9999,1.1602,1.1753,1.1367,1.0307,0.9372,0.562,0.3027,0.044,0.0
MERTK,0.9999,0.9733,0.7278,0.337,0.2566,0.2006,0.1965,0.1595,0.1863,0.0
MESDC2,0.9999,1.3476,1.2671,1.1094,0.9851,0.8384,0.7924,0.6919,0.5151,0.0
MFGE8,0.9999,1.1059,1.0845,1.001,1.0047,0.8741,0.8177,0.4587,0.3407,0.0
MFI2,0.9999,1.0477,0.9896,0.891,0.8651,0.5836,0.4684,0.4896,0.3888,0.0
MIF,0.9998,1.1593,1.3404,1.2867,1.2449,1.2363,1.3979,1.0164,1.6276,0.0
MPDU1,0.9999,1.102,1.2131,0.9235,0.9802,1.0754,1.1857,0.8522,0.6809,0.0
MPZL1,0.9999,1.1138,1.0321,0.9285,0.9027,0.8225,0.8006,0.6973,0.5606,0.0
MRC2,0.9999,0.8537,0.9521,0.8002,0.674,0.4469,0.323,0.2581,0.2547,0.0
MSH6,0.9999,1.1509,0.497,0.1077,0.0695,0.0871,0.0611,0.2458,0.3632,0.0
MSN,0.9999,1.0731,1.1733,0.7952,0.2519,0.1671,0.1453,0.1248,0.1386,0.0
MYH9,0.9999,1.1158,1.0926,0.728,0.4539,0.1288,0.0954,0.1136,0.126,0.0
NAPA,0.9999,1.249,1.313,0.9886,0.5398,0.3403,0.2863,0.1659,0.1302,0.0
NCAM1,0.9999,1.1525,1.1503,0.9593,0.9634,0.8259,0.6308,0.3952,0.2883,0.0
NCKAP1L,0.9999,1.2215,1.3115,0.6496,0.9334,0.5122,0.4324,0.6096,0.2472,0.0
NCSTN,0.9999,1.1496,1.1062,0.9573,0.8949,0.7578,0.8043,0.8592,1.1272,0.0
NDRG1,0.9999,1.0301,1.1452,0.8254,0.6888,0.5079,0.3378,0.4066,0.3758,0.0
NENF,0.9999,1.0494,0.9635,0.8862,0.7948,0.7262,0.6356,0.7896,0.4685,0.0
NEO1,0.9999,1.0287,0.9896,0.7372,0.6308,0.4863,0.3501,0.2481,0.2085,0.0
NLN,0.9999,1.2977,1.241,0.9005,0.7717,0.551,0.3542,0.1641,0.1045,0.0
NOTCH2,0.9999,0.7898,0.5296,0.3353,0.249,0.2081,0.2307,0.2243,0.2601,0.0
NOV,0.9999,1.141,1.2469,0.9979,0.9026,0.7484,0.6797,0.7496,1.2839,0.0
NPC1,0.9999,1.5072,1.4945,1.3757,1.1024,0.6914,0.5208,0.3642,0.3766,0.0
NPC2,0.9999,1.1314,1.2028,1.2393,1.4403,1.1874,1.3985,1.8731,4.3355,0.0
NPTN,0.9999,1.078,1.024,0.87,0.8718,0.7171,0.3768,0.3892,0.5554,0.0
NRAS,0.9999,1.1929,1.1367,1.1022,1.3538,1.5256,1.2911,1.3148,0.9175,0.0
NRP1,0.9999,0.9992,1.0251,0.744,0.675,0.5682,0.4148,0.3311,0.2831,0.0
NSF,0.9999,1.2774,1.1528,0.2968,0.1638,0.1272,0.1163,0.1088,0.0674,0.0
NUCB2,0.9999,1.1166,1.1575,1.0839,1.0049,0.964,0.9095,1.4541,1.6015,0.0
ORAI1,0.9999,0.8935,0.9723,0.6047,0.5467,0.5393,0.5159,0.6171,0.4075,0.0
P2RX4,0.9999,1.5275,1.6057,1.6717,1.698,1.46,1.7275,2.3948,4.7489,0.0
P4HB,0.9999,1.15,1.1461,1.0413,0.9248,0.951,1.0024,0.7869,0.6154,0.0
PANX1,0.9999,1.1987,1.1681,0.8557,0.8602,0.7015,0.7821,0.6585,0.4569,0.0
PC,0.9999,1.005,0.9122,0.371,0.0493,0.0322,0.026,0.0514,0.0527,0.0
PCYOX1,0.9999,1.1469,1.1911,1.0804,0.9939,0.7608,0.4653,0.2264,0.1234,0.0
PCYOX1L,0.9999,1.1557,1.1397,1.1903,1.1577,0.8239,0.5319,0.1687,0.1164,0.0
PDIA3,0.9999,1.144,1.1628,0.8229,0.5422,0.4857,0.4456,0.2658,0.2291,0.0
PDIA4,0.9999,1.0833,1.0128,0.8204,0.6412,0.6581,0.6962,0.3438,0.2968,0.0
PDIA6,0.9999,1.095,1.098,1.0164,0.873,0.8295,0.812,0.3998,0.3186,0.0
PDS5A,0.9999,1.2444,0.6634,0.3538,0.4262,0.2324,0.2707,0.1561,0.1296,0.0
PHB,0.9999,1.107,1.1741,1.0066,1.0751,0.9947,1.2799,0.6121,0.9553,0.0
PHB2,0.9999,1.0802,1.1679,0.9156,1.0683,0.8726,0.8893,0.3649,0.5812,0.0
PKM2,0.9999,1.338,1.5602,1.6504,1.7113,1.2513,1.3298,0.1444,0.1138,0.0
PLAU,0.9999,1.058,0.994,0.8365,0.7784,0.6401,0.5616,0.4084,0.3857,0.0
PLAUR,0.9999,1.048,1.0948,0.8845,0.851,0.7647,0.8069,0.9202,0.8814,0.0
PLP2,0.9999,1.0171,1.3009,1.0483,1.0268,1.0674,1.3626,1.7571,1.8609,0.0
PLXNA1,0.9999,1.1621,1.0727,0.712,0.3962,0.1322,0.0788,0.0962,0.1001,0.0
PLXNC1,0.9999,1.0515,1.0211,0.8099,0.4189,0.1756,0.1773,0.1946,0.1924,0.0
PNN,0.9999,1.3355,1.3252,0.7147,0.5541,0.4461,0.4466,0.4083,0.4705,0.0
PODXL,0.9999,0.8504,1.105,1.0221,0.8499,0.8276,0.8311,0.5587,0.6505,0.0
PODXL2,0.9999,0.9513,1.0192,0.8654,0.785,0.6055,0.5003,0.382,0.5133,0.0
PON2,0.9999,1.2079,1.3362,0.7868,0.6337,0.5177,0.4119,0.4198,0.2775,0.0
PPP1CA,0.9999,1.0216,1.1002,0.6493,0.4961,0.3753,0.2582,0.3879,0.2158,0.0
PPP2CA,0.9999,1.2066,1.3615,1.1622,1.0143,0.6491,0.6581,0.5643,0.4669,0.0
PRCP,0.9999,1.3354,1.386,1.2284,1.276,0.9257,0.9936,1.0196,1.7107,0.0
PRNP,0.9999,0.9137,0.8979,0.8392,0.9101,0.7997,0.8578,0.8072,1.0787,0.0
PROCR,0.9999,0.9583,0.9773,0.8632,0.8022,0.7554,0.615,0.3995,0.334,0.0
PRPS2,0.9999,1.2769,1.3476,1.0645,0.9774,0.6766,0.4935,0.2397,0.1907,0.0
PSMA4,0.9998,1.1276,0.9996,0.9607,1.1302,1.1915,1.1285,0.8047,1.1815,0.0
PTK2B,0.9999,1.137,0.2525,0.096,0.0916,0.0578,0.046,0.0514,0.0595,0.0
PTPRA,0.9999,1.0666,0.9244,0.3857,0.054,0.0332,0.0269,0.0575,0.0843,0.0
PTPRC,0.9999,1.0474,0.967,0.7511,0.581,0.2257,0.06,0.0699,0.071,0.0
PTPRE,0.9999,1.0681,0.6807,0.2283,0.3347,0.1768,0.3323,0.1008,0.0845,0.0
PTPRG,0.9999,0.9635,0.9215,0.6811,0.5599,0.5414,0.375,0.2483,0.2644,0.0
PTPRJ,0.9999,1.056,0.8057,0.4288,0.2248,0.1835,0.1645,0.1452,0.177,0.0
PVR,0.9999,1.0408,0.9462,0.8822,0.8203,0.7324,0.668,0.8561,0.9146,0.0
PVRL1,0.9999,1.0825,1.0506,0.8322,0.7839,0.6815,0.629,0.637,0.5453,0.0
PVRL2,0.9999,1.1379,1.1072,0.95,0.9065,0.7392,0.5406,0.4475,0.3467,0.0
PYGL,0.9999,1.2774,1.3508,1.153,1.0453,0.9199,0.9277,0.241,0.1718,0.0
PZP,0.9999,1.1445,1.015,0.2462,0.178,0.196,0.1541,0.0197,0.2268,0.0
Q9UDG2_HUMAN,0.9999,1.3326,1.286,1.1019,0.7876,0.7029,0.5447,0.393,0.2738,0.0
QSOX2,0.9999,1.1915,1.2527,1.1357,0.8216,0.4638,0.2427,0.2199,0.2765,0.0
RAB14,0.9999,1.1007,1.166,0.9009,0.7621,0.8087,0.8985,1.4898,2.3064,0.0
RAB21,0.9999,0.9554,1.0462,0.7686,0.5287,0.6938,0.574,1.3389,1.4889,0.0
RAB27A,0.9999,1.0881,1.0981,1.0468,0.7932,0.6758,0.6279,0.2103,0.1269,0.0
RAB33A,0.9999,1.0012,1.0085,0.801,0.74,0.6878,0.708,0.7869,0.5676,0.0
RAB35,0.9999,0.9646,1.7582,0.8548,0.8774,0.919,1.2427,3.2906,0.6958,0.0
RAB3D,0.9999,1.1172,0.7657,0.7171,0.7414,0.6777,0.977,0.9691,1.1301,0.0
RAB5B,0.9999,1.142,1.1957,1.0423,0.712,0.7018,0.8417,1.4502,1.3936,0.0
RAB5C,0.9999,1.1723,1.1664,0.9577,0.7097,0.7289,0.9356,1.4087,1.2824,0.0
RAB6A,0.9999,1.2702,1.1728,0.734,0.6268,0.5976,0.5357,1.4142,1.7518,0.0
RAB8A,0.9999,1.2054,1.2192,1.0216,0.7469,0.7171,0.646,1.0166,1.0299,0.0
RAC1,0.9999,1.1401,1.2066,1.0628,1.1875,1.8105,2.7736,1.5811,0.5916,0.0
RAC2,0.9999,1.204,1.1792,1.004,0.8659,0.3713,0.2479,0.1427,0.0996,0.0
RAET1G,0.9999,1.1293,1.0155,0.8942,0.8456,0.6591,0.5315,0.4586,0.3763,0.0
RALB,0.9999,1.0911,1.0111,0.7508,0.7112,0.5288,0.5491,0.8024,0.6075,0.0
RALGPS2,0.9999,1.1119,1.0882,1.1235,1.0831,0.9096,0.8974,0.6126,0.3423,0.0
RAP1A,0.9999,1.0957,1.2446,0.8845,0.7226,0.7043,0.9903,2.0411,0.721,0.0
RAP1B,0.9999,0.9532,1.1951,1.1024,1.3149,1.3643,1.7027,2.4253,1.6732,0.0
RAP2C,0.9999,1.3536,1.0033,0.6434,0.8595,1.4914,1.308,0.9074,1.2234,0.0
RCC2,0.9999,1.2812,1.2318,0.821,0.3878,0.1293,0.3409,0.1135,0.152,0.0
RCE1,0.9999,1.1899,0.8645,0.76,0.6292,0.4587,0.3841,0.2932,0.268,0.0
RECK,0.9999,1.0923,1.0532,0.9541,0.9731,0.8912,0.8189,0.4709,0.313,0.0
RELL1,0.9999,1.212,1.2523,1.0001,0.8665,1.2109,1.2997,0.857,0.4034,0.0
RER1,0.9999,1.0723,1.1727,1.1131,1.0718,0.7862,0.6756,0.6207,0.8019,0.0
RFTN1,0.9999,1.0268,1.4531,1.2534,0.7044,0.2636,0.2189,0.3869,0.1653,0.0
RHBDF2,0.9999,0.9781,1.0418,0.7875,0.7338,0.5105,0.4314,0.1865,0.127,0.0
RHOA,0.9999,1.184,1.1916,1.1529,1.1826,1.4911,1.6029,3.1913,2.3522,0.0
RHOG,0.9999,1.0815,1.1466,1.078,1.1019,0.9123,1.1514,0.5162,0.2005,0.0
RHOT2,0.9999,1.243,1.2178,0.515,0.4106,0.1144,0.1072,0.1071,0.0725,0.0
RNASET2,0.9999,1.0945,1.1031,0.9401,0.971,0.6932,0.6002,0.4001,0.426,0.0
RNPEP,0.9999,1.4472,1.0309,0.2403,0.1471,0.0917,0.0701,0.0239,0.0217,0.0
RP2,0.9999,1.1511,1.0529,0.8806,0.5228,0.3461,0.3491,0.0973,0.1243,0.0
RPS27A,0.9999,1.1241,0.9187,0.4846,0.4554,0.4804,0.5686,0.8151,1.2079,0.0
RTN4,0.9999,1.0202,1.093,1.0034,0.9347,0.8241,0.8,0.687,0.6475,0.0
RTN4R,0.9999,1.1254,1.0124,0.923,0.7957,0.716,0.7034,0.6035,0.4551,0.0
RTN4RL2,0.9999,1.0375,0.9849,0.8432,0.8161,0.7305,0.6416,0.4877,0.3455,0.0
S100A4,0.9999,1.208,1.2542,1.4262,1.3094,0.8302,0.6063,0.2942,0.2224,0.0
S100A6,0.9999,1.0646,1.0856,1.2336,1.0798,1.0416,0.7387,0.3273,0.1888,0.0
SAAL1,0.9999,1.3525,1.3397,0.7334,0.3788,0.3246,0.2856,0.0,0.0186,0.0
SCAMP3,0.9999,1.3433,1.3226,1.4017,1.3251,1.3344,1.4452,1.3535,1.9604,0.0
SCARB1,0.9999,1.1561,1.0379,0.7955,0.7645,0.6337,0.7058,0.6042,0.6041,0.0
SCPEP1,0.9999,1.246,1.26,1.1918,0.9435,0.7165,0.7784,0.6698,0.4624,0.0
SDK1,0.9999,1.0454,0.9449,0.5626,0.4529,0.3232,0.281,0.2253,0.2029,0.0
SELPLG,0.9999,1.0284,0.9422,0.8704,0.7705,0.6763,0.6547,0.5975,0.5724,0.0
SEMA4A,0.9999,1.116,1.099,0.9342,0.9025,0.6055,0.4874,0.3328,0.2436,0.0
SEMA4C,0.9999,0.8858,0.8755,0.4832,0.4475,0.2802,0.2231,0.2068,0.1525,0.0
SEMA4D,0.9999,1.0277,0.955,0.8276,0.7639,0.6902,0.604,0.426,0.2156,0.0
SEPHS1,0.9998,1.2607,1.2237,1.1966,1.0924,0.9483,1.1569,2.1869,3.8549,0.0
SERBP1,0.9998,1.5979,1.8093,1.9873,2.239,2.6738,1.6038,0.8226,0.3323,0.0
SERINC3,0.9999,1.0841,1.2353,0.9542,0.9115,0.8211,0.8691,0.8725,1.0796,0.0
SERPINB2,0.9999,1.1464,1.1668,0.9545,0.9867,0.8681,0.543,0.1839,0.1213,0.0
SEZ6L2,0.9999,1.429,1.6227,1.3887,1.1909,1.2686,1.0151,2.2956,3.9682,0.0
SIGLEC6,0.9999,1.0412,0.9392,0.6342,0.5839,0.5048,0.47,0.3495,0.2087,0.0
SIGLEC7,0.9999,1.013,0.9514,0.877,0.8158,0.7752,0.762,0.5326,0.3964,0.0
SIRPA,0.9999,1.064,1.0234,0.8789,0.9165,0.8411,0.8077,0.7381,0.7175,0.0
SLC12A2,0.9999,1.0886,1.0731,0.9004,0.7644,0.2443,0.0319,0.0211,0.0451,0.0
SLC12A6,0.9999,1.0072,1.1518,0.9468,0.5986,0.2735,0.1354,0.0656,0.093,0.0
SLC15A4,0.9999,1.4304,1.6459,1.461,1.4214,1.3067,1.5005,4.0987,11.8601,0.0
SLC16A1,0.9999,1.1961,1.3049,1.1065,1.2393,1.69,3.0161,4.3428,4.2848,0.0
SLC16A3,0.9999,1.1099,1.1327,1.1615,1.1764,1.1649,1.7839,1.6459,1.3855,0.0
SLC17A5,0.9999,1.6823,1.698,1.8691,1.8314,1.662,2.0029,3.3075,8.2263,0.0
SLC19A1,0.9999,1.551,1.5437,1.2885,1.2018,2.0967,1.749,1.2058,1.527,0.0
SLC1A3,0.9999,1.3502,0.986,1.2401,0.8177,0.9438,0.9251,0.2594,0.2826,0.0
SLC1A4,0.9999,1.1511,1.0711,0.9595,0.9796,0.8679,0.9084,0.9169,0.731,0.0
SLC1A5,0.9999,1.1368,1.1166,0.9971,0.9959,0.8758,0.8981,0.8376,0.5797,0.0
SLC20A2,0.9999,0.8091,1.0677,0.7874,0.7029,0.6121,0.5463,0.5345,0.691,0.0
SLC25A11,0.9999,1.0451,1.1741,1.0015,1.0123,1.0199,1.1755,0.6675,0.4746,0.0
SLC25A13,0.9999,1.3015,1.315,1.0263,0.895,0.9352,0.8647,0.5423,0.4626,0.0
SLC25A3,0.9999,1.1841,1.25,1.1692,1.2151,1.3592,1.2423,1.1107,1.3042,0.0
SLC25A5,0.9999,1.212,1.316,1.1247,1.1778,1.322,1.2946,1.0894,0.8962,0.0
SLC26A2,0.9999,1.0722,1.0378,0.5719,0.1306,0.0622,0.0483,0.0525,0.0634,0.0
SLC26A6,0.9999,1.4078,1.4633,1.2422,1.0702,1.3324,0.9551,0.1593,0.0578,0.0
SLC29A1,0.9999,1.0787,1.0921,0.8548,0.8416,0.8656,0.9085,0.9402,0.8935,0.0
SLC2A1,0.9999,1.2048,1.1802,1.0553,1.0585,1.1564,1.164,1.143,1.5141,0.0
SLC2A3,0.9999,1.0427,1.0889,0.856,0.7971,0.7239,0.815,0.9452,1.2566,0.0
SLC2A5,0.9999,1.2264,1.1578,1.0299,1.0461,0.9614,0.9834,1.0494,1.0109,0.0
SLC2A9,0.9999,1.1088,1.1236,1.0266,1.0159,1.0951,1.1639,0.8245,0.6762,0.0
SLC30A1,0.9999,1.1045,1.0333,0.8298,0.7581,0.8416,0.8042,0.791,0.3354,0.0
SLC31A1,0.9999,1.0651,1.1069,0.5321,0.5254,0.4064,0.4205,0.5037,0.3934,0.0
SLC38A1,0.9999,1.0572,1.1412,1.0711,1.0347,0.9262,0.8781,0.8926,0.6557,0.0
SLC38A2,0.9999,1.2443,1.1429,1.1812,1.0431,1.0548,0.8957,1.4111,1.8137,0.0
SLC39A14,0.9999,1.0232,0.9847,1.0228,1.0472,0.9394,0.9908,0.5579,0.4012,0.0
SLC39A6,0.9999,1.056,1.0304,0.8902,0.9218,0.7226,0.5676,0.3527,0.2637,0.0
SLC39A8,0.9999,0.8835,1.0719,1.1772,0.9299,0.9671,1.1424,1.1905,1.1054,0.0
SLC43A1,0.9999,1.2822,1.3101,1.1197,1.028,1.0553,1.0713,0.8145,0.205,0.0
SLC44A1,0.9999,1.123,1.1274,0.9905,0.9913,0.9109,0.8976,0.8405,0.8271,0.0
SLC44A2,0.9999,1.0642,1.0232,0.907,0.9371,0.8994,0.8728,0.7024,0.6036,0.0
SLC4A11,0.9999,0.9783,1.0409,0.5671,0.5655,0.295,0.5209,0.1993,0.1143,0.0
SLC4A2,0.9999,1.0754,1.0529,0.8148,0.5061,0.2232,0.1109,0.0973,0.1023,0.0
SLC4A7,0.9999,1.2106,1.1053,0.7044,0.4617,0.2203,0.072,0.0803,0.0701,0.0
SLC5A3,0.9999,1.1015,1.05,0.8727,0.8558,0.7957,0.7634,0.7318,0.4714,0.0
SLC5A6,0.9999,1.0472,0.9716,0.7839,0.7216,0.6341,0.471,0.3341,0.1934,0.0
SLC6A6,0.9999,0.9719,1.0413,0.9515,0.9402,0.7209,0.7905,0.5677,0.3683,0.0
SLC7A1,0.9999,0.9941,1.0232,1.0115,1.0029,0.9194,0.8684,0.5407,0.3717,0.0
SLC7A11,0.9999,1.3521,1.3332,1.3576,1.3546,1.7223,1.5238,0.4147,0.3923,0.0
SLC7A5,0.9999,1.1146,1.153,0.9636,0.985,0.88,0.7942,0.4825,0.3118,0.0
SLC7A6,0.9999,1.0393,1.0059,1.0374,1.086,0.8594,0.9661,0.4943,0.2961,0.0
SLC9A1,0.9999,0.9959,1.0105,0.7658,0.533,0.3903,0.2601,0.2315,0.2119,0.0
SLC9A6,0.9999,1.2383,1.3298,1.3376,1.2685,1.1028,1.2144,1.5472,2.9667,0.0
SLCO4A1,0.9999,0.9471,1.4156,0.9773,0.8628,0.9905,0.6853,0.6133,0.5478,0.0
SNAP23,0.9999,1.1647,1.2575,1.4331,1.8429,2.393,4.8712,3.3782,2.7728,0.0
SNX8,0.9999,1.5932,1.9975,1.4633,1.387,1.205,0.6834,0.2972,0.125,0.0
SORL1,0.9999,1.2221,1.3424,1.2497,1.1015,0.8504,0.658,0.4706,0.4846,0.0
SPG20,0.9999,1.2755,0.9557,0.3446,0.1009,0.0833,0.0499,0.1401,0.1614,0.0
SPINT1,0.9999,1.0828,1.1008,0.9782,0.9051,0.6921,0.5968,0.462,0.3646,0.0
SPN,0.9999,1.2842,1.988,1.3281,1.054,2.0063,2.0933,1.8717,1.633,0.0
SPPL2B,0.9999,0.9024,0.9655,0.8151,0.7936,0.6993,0.6686,0.5563,0.5103,0.0
SPTBN1,0.9999,1.0478,1.1046,0.8759,0.3776,0.3201,0.2226,0.1611,0.1942,0.0
STEAP3,0.9999,1.0538,1.34,1.0979,0.666,0.2078,0.1741,0.0695,0.0835,0.0
STOM,0.9999,1.0948,1.0931,0.8649,0.7833,0.7956,0.7277,0.7866,0.6766,0.0
STOML2,0.9999,1.1646,1.1633,0.9375,0.8072,0.6938,0.6362,0.6822,0.6437,0.0
STX7,0.9999,1.1252,1.1917,0.8911,0.4933,0.6003,0.3777,0.9824,1.0476,0.0
STXBP3,0.9999,1.3597,0.9076,0.2466,0.14,0.1392,0.1253,0.1834,0.1046,0.0
SUCLG1,0.9999,1.3678,1.317,0.6763,0.2784,0.1669,0.198,0.2252,0.177,0.0
SUCNR1,0.9999,1.0252,0.9514,0.7759,0.6475,0.5081,0.5042,1.0237,2.6449,0.0
SYPL1,0.9999,1.1055,1.3497,1.2557,1.2367,1.0953,1.3284,1.4889,2.4963,0.0
TAGLN2,0.9998,1.1738,1.2851,1.0058,0.5704,0.4302,0.4628,0.1991,0.1655,0.0
TBCD,0.9999,0.9744,0.956,0.4981,0.1328,0.0246,0.0996,0.0728,0.1093,0.0
TFRC,0.9999,1.1935,1.2524,1.4633,1.3325,1.2295,1.3347,1.5564,1.5801,0.0
TGFB1,0.9999,1.1135,1.1297,1.0408,0.8616,0.6823,0.6042,0.484,0.4715,0.0
TGFBR1,0.9999,1.0778,0.9472,0.3362,0.087,0.0674,0.0563,0.063,0.0729,0.0
TGOLN2,0.9999,1.3031,1.2988,1.4109,1.4491,1.373,1.4856,2.3671,4.3223,0.0
THBD,0.9999,1.0344,0.9682,0.8548,0.7104,0.5675,0.5742,0.6442,0.5195,0.0
TLN1,0.9999,1.3046,1.2199,0.3974,0.1701,0.114,0.0837,0.124,0.1601,0.0
TLR2,0.9999,1.0371,0.9512,0.7727,0.6444,0.4059,0.2173,0.1665,0.1468,0.0
TM9SF2,0.9999,1.3326,1.3146,0.9908,1.0386,1.0771,0.7184,0.6636,0.6257,0.0
TMED1,0.9999,1.1479,1.196,0.9705,0.8456,0.5631,0.3405,0.264,0.3199,0.0
TMED10,0.9999,1.1238,1.1869,1.1774,1.0231,0.632,0.4029,0.3113,0.3416,0.0
TMEM2,0.9999,0.9138,1.0616,0.9993,0.9743,0.5936,0.5845,0.4905,0.4286,0.0
TMEM206,0.9999,0.9675,1.139,1.1265,1.1467,0.8419,0.7153,0.3982,0.405,0.0
TMEM219,0.9999,1.4905,1.309,1.0338,1.1059,0.9874,0.8891,1.7705,2.8193,0.0
TMEM30A,0.9999,1.0496,1.0235,0.9939,0.9542,0.644,0.28,0.2329,0.2295,0.0
TMEM33,0.9999,1.0121,0.895,0.6862,0.6519,0.5343,0.3238,0.1866,0.1169,0.0
TNFRSF10B,0.9999,1.2017,1.0713,0.9718,0.7628,0.5603,0.471,0.5044,0.3865,0.0
TNFRSF14,0.9999,1.1035,1.1234,0.7982,0.8169,0.6306,0.5877,0.6525,0.7434,0.0
TPBG,0.9999,1.2165,1.1326,0.8805,0.7986,0.6648,0.8269,0.3974,0.3365,0.0
TPCN1,0.9999,1.1466,1.0,1.4011,1.3451,1.311,1.3348,0.5567,0.1415,0.0
TRPV2,0.9999,1.1489,1.1533,1.0035,0.9293,0.3403,0.089,0.1045,0.1047,0.0
TSPAN14,0.9999,1.103,1.0995,0.9599,0.9735,0.8303,0.6556,0.4087,0.3827,0.0
TSPAN2,0.9999,1.1655,1.0309,0.9374,0.9066,0.835,0.8775,0.8742,0.901,0.0
TSPAN3,0.9999,1.9536,1.8575,1.1249,1.1706,0.8861,0.9061,3.6755,7.964,0.0
TSPAN31,0.9999,1.3564,1.4769,1.2381,1.2048,0.9345,0.9664,2.1099,3.6559,0.0
TTC17,0.9999,2.4716,2.2679,0.7175,0.7715,0.5417,0.3562,0.3977,0.5914,0.0
TUBB2C,0.9999,1.1858,1.2108,0.8142,0.692,0.6529,0.4284,0.0871,0.0553,0.0
TXNDC10,0.9999,1.1229,1.1832,0.9654,0.5709,0.2663,0.146,0.1511,0.1426,0.0
TXNDC13,0.9999,1.4154,1.511,1.1626,0.9139,0.4162,0.4343,0.2143,0.1418,0.0
TXNDC14,0.9999,1.1031,1.2374,0.9768,0.6699,0.4921,0.2854,0.1297,0.1441,0.0
TXNDC4,0.9999,1.0429,1.0206,0.9037,0.7145,0.5677,0.4403,0.2678,0.2193,0.0
TYROBP,0.9999,1.6245,1.605,1.0877,1.0481,0.9731,0.9072,3.7941,3.1302,0.0
VAMP7,0.9998,1.4713,1.3564,0.8602,0.7351,0.5101,0.4235,0.346,0.2926,0.0
VAMP8,0.9999,1.1321,1.243,1.4343,1.5194,1.4367,2.3984,3.6425,6.4864,0.0
VAPA,0.9999,1.1535,1.1742,1.0347,0.9356,0.8815,0.475,0.3295,0.3944,0.0
VDAC1,0.9999,1.1158,1.1725,1.1295,0.9899,0.9789,1.0379,1.2571,2.8076,0.0
VIM,0.9999,1.0591,1.3378,0.9926,0.8612,0.484,0.4769,0.3296,0.263,0.0
VLDLR,0.9999,1.2034,1.2887,1.3658,1.1568,0.9023,0.8028,0.5131,0.5004,0.0
VPS13C,0.9999,1.2254,1.2371,0.8968,0.6878,0.2748,0.181,0.1864,0.2108,0.0
VTN,0.9999,1.2118,1.2496,1.1663,0.9392,0.8344,0.7358,0.5501,0.516,0.0
XK,0.9999,1.0823,1.0179,0.8994,0.8917,0.7446,0.6455,0.5658,0.3219,0.0
XRCC5,0.9999,1.1466,0.7023,0.475,0.3906,0.2582,0.208,0.1212,0.1129,0.0
YIPF3,0.9999,1.1502,1.1504,0.8556,1.0294,0.9458,1.1612,2.3319,2.4991,0.0
YWHAH,0.9999,1.1477,1.3441,0.9784,0.7557,0.3933,0.2532,0.164,0.1056,0.0
