,Accession,Score,Rep1pVal (-log10),Rep1delta_Tm,Rep1Group1_R2,Rep1Group2_R2,Rep1Group1_Tm,Rep1Group2_Tm,Rep1min_Slope,Rep2pVal (-log10),Rep2delta_Tm,Rep2Group1_R2,Rep2Group2_R2,Rep2Group1_Tm,Rep2Group2_Tm,Rep2min_Slope
50,ATP1B3,2.276,1.233,2.1,0.963,0.978,60.06,62.16,-0.168,1.717,3.25,0.916,0.906,59.43,62.68,-0.143
49,ATP1B1,1.894,1.311,2.21,0.926,0.936,59.44,61.65,-0.155,1.202,2.4,0.928,0.938,59.37,61.77,-0.159
356,PTPRJ,0.0,0.32,0.22,1.0,0.999,48.03,48.25,-0.185,0.314,0.05,1.0,1.0,48.27,48.32,-0.187
351,PTGER3,0.0,0.932,1.63,0.909,0.938,59.92,61.55,-0.037,0.398,0.39,0.969,0.949,60.11,60.5,-0.041
352,PTGFRN,0.0,0.427,0.55,0.962,0.968,59.28,59.83,-0.045,1.051,2.11,0.972,0.987,58.84,60.95,-0.061
353,PTK7,0.0,0.391,-0.14,0.998,0.998,52.19,52.05,-0.086,0.32,-0.09,0.997,0.997,52.57,52.48,-0.085
354,PTPRA,0.0,0.923,-1.31,0.991,0.995,51.5,50.19,-0.307,0.555,-0.93,0.996,0.99,51.08,50.15,-0.197
355,PTPRC,0.0,0.45,-0.31,0.987,0.988,53.72,53.41,-0.11,0.521,0.81,0.992,0.993,53.87,54.68,-0.138
0,ABCA7,0.0,,,0.846,0.573,49.77,52.5,-0.199,0.494,-0.74,0.963,0.964,50.3,49.56,-0.124
333,PLAUR,0.0,,,0.704,0.316,68.99,68.99,-0.012,,,0.545,0.604,68.99,68.99,-0.013
358,PTRF,0.0,0.648,1.09,1.0,0.99,52.18,53.27,-0.13,0.577,0.98,0.996,0.996,51.98,52.96,-0.119
359,PTTG1IP,0.0,,,0.0,0.0,37.0,37.0,0.0,,,0.0,0.0,37.0,37.0,0.0
360,PVR,0.0,1.648,-2.34,0.941,0.945,66.87,64.53,-0.025,3.215,-5.11,0.863,0.887,68.19,63.08,-0.023
361,PVRL2,0.0,0.32,0.22,0.963,0.964,60.83,61.05,-0.035,0.328,0.11,0.945,0.942,63.47,63.58,-0.03
362,QSOX2,0.0,1.741,-2.45,0.908,0.922,56.67,54.22,-0.042,,,0.651,0.355,68.99,68.99,-0.016
363,RAB14,0.0,,,0.078,0.033,68.99,68.99,-0.53,,,0.0,0.537,68.99,68.99,-0.485
357,PTPRS,0.0,0.332,0.26,0.998,0.997,48.18,48.44,-0.139,0.313,-0.06,0.998,0.991,48.01,47.95,-0.213
350,PRSS8,0.0,0.413,0.51,0.935,0.826,62.0,62.51,-0.027,0.6,-1.06,0.851,0.825,63.6,62.54,-0.027
349,PRPS2,0.0,0.467,0.66,0.987,0.987,60.23,60.89,-0.157,0.828,1.63,0.936,0.853,58.19,59.82,-0.061
348,PROCR,0.0,0.622,-0.73,0.95,0.959,61.62,60.89,-0.036,0.46,0.61,0.959,0.935,60.68,61.29,-0.034
347,PRNP,0.0,,,0.765,0.635,68.99,68.99,-0.021,0.63,1.13,0.903,0.942,56.95,58.08,-0.071
346,PRKCB,0.0,0.341,0.29,0.998,0.999,50.55,50.84,-0.248,0.36,-0.26,0.996,0.994,50.04,49.78,-0.175
345,PRKAR2A,0.0,0.42,0.53,1.0,1.0,50.85,51.38,-0.091,0.539,-0.88,0.998,0.998,51.09,50.21,-0.096
344,PRCP,0.0,,,0.0,0.0,68.99,37.0,-0.0,,,0.0,0.0,37.0,68.99,-0.0
343,PPP2CA,0.0,0.392,0.45,0.968,0.984,55.05,55.5,-0.072,0.444,-0.57,0.969,0.994,54.75,54.18,-0.083
342,PPME1,0.0,0.32,0.22,0.988,0.998,52.54,52.76,-0.136,0.467,-0.65,0.991,0.984,53.25,52.6,-0.164
341,PODXL2,0.0,,,0.857,0.835,68.99,68.99,-0.018,,,0.421,0.629,68.99,68.99,-0.056
340,PLXND1,0.0,0.304,0.14,0.999,0.997,47.81,47.95,-0.187,0.33,0.12,0.999,0.997,47.87,47.99,-0.159
339,PLXNB2,0.0,0.364,-0.06,0.993,0.989,50.9,50.84,-0.148,0.342,0.17,0.993,0.987,50.6,50.77,-0.154
338,PLXNB1,0.0,0.322,0.08,0.992,0.994,52.2,52.28,-0.096,0.55,0.9,0.991,0.992,51.71,52.61,-0.162
337,PLXNA3,0.0,0.379,0.41,0.999,0.999,48.93,49.34,-0.145,0.36,-0.26,0.996,0.999,50.57,50.31,-0.097
336,PLXNA1,0.0,0.565,-0.6,0.992,0.993,52.27,51.67,-0.096,0.727,-1.4,0.995,0.998,52.27,50.87,-0.094
335,PLXDC2,0.0,5.486,5.8,0.951,0.962,54.44,60.24,-0.037,,,0.0,0.67,62.4,57.75,-0.701
364,RAB21,0.0,,,0.0,0.0,68.99,68.99,-0.777,,,0.059,0.036,68.99,68.99,-0.636
365,RAB35,0.0,,,0.208,0.169,65.94,66.08,-0.635,,,0.064,0.079,66.27,66.19,-0.604
366,RAB3GAP2,0.0,0.377,-0.1,0.992,0.995,48.01,47.91,-0.152,0.355,-0.24,0.996,0.994,47.71,47.47,-0.167
383,RHOG,0.0,0.328,0.06,0.959,0.963,62.51,62.57,-0.806,,,0.857,0.664,62.45,62.22,-0.839
397,SCARB1,0.0,,,0.526,0.559,68.99,68.99,-0.012,,,0.016,0.137,68.99,68.99,-0.264
396,SCAMP3,0.0,,,0.0,0.0,37.0,37.0,0.0,,,0.0,0.0,37.0,37.0,0.0
395,SARS,0.0,0.323,0.23,0.977,0.998,55.46,55.69,-0.154,0.473,-0.67,0.965,0.986,55.14,54.47,-0.106
394,SAPS3,0.0,0.425,-0.24,0.978,0.983,57.83,57.59,-0.234,1.115,-2.25,0.942,0.98,56.73,54.48,-0.105
393,RTN4RL2,0.0,0.407,-0.19,0.896,0.916,56.07,55.88,-0.044,0.347,0.19,0.91,0.884,60.14,60.33,-0.041
392,RTN4,0.0,,,0.0,0.0,37.0,37.0,0.0,,,0.0,0.0,37.0,37.0,0.0
391,RPSA,0.0,0.343,0.01,0.998,0.986,55.22,55.23,-0.085,0.751,-1.46,0.998,0.994,54.59,53.13,-0.078
390,RPS27A,0.0,3.083,-3.77,0.958,0.955,55.63,51.86,-0.053,1.381,-2.73,0.955,0.982,53.12,50.39,-0.072
389,RPL15,0.0,,,0.789,0.587,60.13,61.36,-0.242,,,0.692,0.733,61.13,59.92,-0.801
388,ROR2,0.0,0.381,-0.11,0.997,0.994,50.04,49.93,-0.12,0.343,-0.19,0.993,0.99,49.89,49.7,-0.127
387,RNPEP,0.0,0.369,0.38,0.999,0.999,49.17,49.55,-0.191,0.432,-0.53,0.999,0.999,49.31,48.78,-0.142
386,RNF149,0.0,0.439,-0.28,0.969,0.988,53.59,53.31,-0.086,0.46,0.61,0.973,0.975,52.71,53.32,-0.073
385,RNASET2,0.0,,,0.0,0.0,37.0,37.0,0.0,,,0.0,0.0,37.0,37.0,0.0
384,RHOT2,0.0,0.366,0.37,0.987,0.997,49.6,49.97,-0.158,0.329,-0.13,0.999,0.997,49.59,49.46,-0.133
382,RHOA,0.0,,,0.0,0.0,68.99,68.99,-0.076,,,0.0,0.0,68.99,68.99,-0.185
367,RAB5A,0.0,,,0.0,0.0,68.99,68.99,-0.76,,,0.0,0.0,68.99,68.99,-0.788
381,RHAG,0.0,,,0.0,0.0,37.0,37.0,0.0,,,0.0,0.0,37.0,37.0,0.0
380,RER1,0.0,0.713,-0.92,0.936,0.959,55.33,54.41,-0.057,,,0.475,0.723,68.22,56.23,-0.034
379,RELL1,0.0,,,0.708,0.652,60.86,61.35,-0.024,,,0.823,0.782,58.22,57.88,-0.028
378,REEP5,0.0,,,0.0,0.0,68.99,68.99,-0.0,,,0.0,0.0,37.0,37.0,0.0
377,RDX,0.0,0.486,0.71,0.981,0.987,57.79,58.5,-0.153,0.494,-0.74,0.99,0.978,58.11,57.37,-0.103
376,RCC2,0.0,0.34,0.02,0.991,0.999,52.09,52.11,-0.144,0.348,-0.21,0.996,0.976,51.6,51.39,-0.18
375,RAP2B,0.0,,,0.0,0.0,68.99,37.0,-0.0,,,0.0,0.0,37.0,37.0,0.0
374,RAP1B,0.0,,,0.0,0.0,37.0,37.0,0.0,,,0.0,0.0,37.0,37.0,0.0
373,RAC2,0.0,0.352,-0.02,0.963,0.96,54.62,54.6,-0.178,0.743,-1.44,0.993,0.973,55.51,54.07,-0.06
372,RAC1,0.0,,,0.0,0.055,65.93,65.91,-0.638,,,0.024,0.318,65.98,65.82,-0.713
371,RAB8A,0.0,1.112,1.92,0.923,0.896,60.09,62.01,-0.028,,,0.0,0.043,68.99,68.99,-0.561
370,RAB6A,0.0,,,0.199,0.0,68.99,68.99,-0.035,,,0.126,0.324,68.99,68.99,-0.006
369,RAB5C,0.0,,,0.0,0.0,37.0,37.0,0.0,,,0.0,0.0,37.0,37.0,0.0
368,RAB5B,0.0,,,0.004,0.0,68.99,68.99,-0.374,,,0.0,0.0,37.0,37.0,0.0
334,PLP2,0.0,,,0.0,0.055,37.0,68.99,-0.065,,,0.106,0.197,68.99,68.99,-0.055
332,PLAU,0.0,1.185,2.03,0.917,0.912,60.17,62.2,-0.032,0.454,0.59,0.977,0.957,58.82,59.41,-0.036
399,SDC3,0.0,,,0.0,0.0,37.0,37.0,0.0,,,0.079,0.446,68.99,68.99,-0.012
299,MUC1,0.0,,,0.9,0.654,65.1,68.99,-0.02,,,0.92,0.78,66.04,68.99,-0.02
297,MSN,0.0,0.344,0.3,0.996,0.996,51.99,52.29,-0.44,0.313,-0.06,0.998,0.998,52.01,51.95,-0.399
296,MSH6,0.0,0.743,-0.98,0.981,0.984,48.6,47.62,-0.065,1.167,-2.35,0.991,0.987,49.45,47.1,-0.094
295,MRC2,0.0,0.465,-0.35,0.988,0.98,56.09,55.74,-0.081,0.494,-0.74,0.962,0.94,55.47,54.73,-0.069
294,MPZL1,0.0,0.544,-0.55,0.923,0.948,62.89,62.34,-0.031,0.354,0.22,0.943,0.918,63.44,63.66,-0.031
293,MPP1,0.0,0.326,0.24,0.998,0.999,48.33,48.57,-0.146,0.397,-0.4,0.999,0.999,48.32,47.92,-0.133
292,MPDU1,0.0,,,0.0,0.0,68.99,68.99,-0.0,,,0.0,0.0,37.0,68.99,-0.0
291,MME,0.0,0.522,0.8,0.906,0.885,60.84,61.64,-0.042,0.598,1.04,0.923,0.913,60.64,61.68,-0.043
290,MIF,0.0,1.962,-2.7,0.827,0.935,64.49,61.79,-0.072,1.34,-2.66,0.835,0.859,63.45,60.79,-0.031
289,MFI2,0.0,0.636,-0.76,0.996,0.995,55.0,54.24,-0.049,0.429,-0.52,0.997,0.996,56.65,56.13,-0.045
288,MFGE8,0.0,0.544,-0.55,0.975,0.958,59.49,58.94,-0.041,0.557,0.92,0.949,0.943,59.27,60.19,-0.034
287,MESDC2,0.0,,,0.583,0.898,68.99,57.04,-0.051,,,0.701,0.915,64.43,54.1,-0.139
286,MERTK,0.0,0.366,0.37,0.998,0.991,49.02,49.39,-0.141,0.385,0.34,0.996,0.989,48.84,49.18,-0.121
285,MDH2,0.0,,,0.653,0.952,60.97,62.93,-0.867,0.324,-0.11,0.933,0.965,63.1,62.99,-0.898
284,MCTS1,0.0,0.659,-0.81,0.929,0.941,56.77,55.96,-0.054,0.441,-0.56,0.943,0.905,56.78,56.22,-0.066
283,MCAM,0.0,0.332,0.26,0.934,0.917,68.73,68.99,-0.02,0.499,0.74,0.944,0.903,67.59,68.33,-0.029
282,MARCKSL1,0.0,,,0.0,0.0,37.0,37.0,0.0,,,0.0,0.0,37.0,37.0,0.0
281,MAP4,0.0,,,0.0,0.0,37.0,68.99,-0.003,,,0.0,0.0,68.9,68.99,-0.117
280,MAP1B,0.0,2.008,-2.75,0.918,0.96,56.02,53.27,-0.051,0.723,-1.39,0.973,0.982,55.79,54.4,-0.063
279,MACF1,0.0,0.303,0.16,0.982,0.993,48.26,48.42,-0.138,6.419,-7.86,0.993,0.896,46.98,39.12,-0.907
278,M6PR,0.0,,,0.0,0.0,37.0,37.0,0.0,,,0.0,0.0,37.0,37.0,0.0
277,M11S1,0.0,1.219,2.08,0.992,0.997,49.89,51.97,-0.099,0.381,-0.34,0.998,0.995,51.79,51.45,-0.082
276,LYN,0.0,0.325,0.07,0.998,0.998,50.15,50.22,-0.191,0.467,-0.65,0.998,0.994,50.53,49.88,-0.118
275,LRRC8D,0.0,0.377,-0.1,0.994,0.996,52.83,52.73,-0.112,0.729,1.39,0.994,0.994,52.61,54.0,-0.14
274,LRRC8C,0.0,0.381,-0.11,0.992,0.991,52.51,52.4,-0.107,1.529,2.96,0.992,0.973,52.32,55.28,-0.234
273,LRRC8B,0.0,0.428,-0.25,0.997,0.998,53.34,53.09,-0.099,0.777,1.51,0.999,0.997,52.93,54.44,-0.117
272,LRRC8A,0.0,0.561,-0.59,0.997,0.997,53.08,52.49,-0.113,0.803,1.57,0.999,0.999,52.47,54.04,-0.107
271,LRRC4B,0.0,0.698,-0.89,0.989,0.985,57.06,56.17,-0.053,0.362,0.25,0.997,0.993,53.6,53.85,-0.047
270,LRPAP1,0.0,,,0.02,0.0,68.99,68.19,-0.14,,,0.002,0.291,68.03,68.99,-0.216
269,LRIG2,0.0,0.857,1.5,0.985,0.943,53.74,55.24,-0.058,3.192,5.07,0.99,0.978,52.88,57.95,-0.063
298,MTDH,0.0,0.676,1.15,0.977,0.987,54.92,56.07,-0.081,0.482,-0.7,0.984,0.989,55.07,54.37,-0.077
300,MXRA8,0.0,2.283,3.34,0.907,0.902,53.74,57.08,-0.055,0.499,0.74,0.996,0.996,53.27,54.01,-0.068
331,PKM2,0.0,0.361,-0.05,0.859,0.989,61.68,61.63,-0.912,0.424,-0.5,0.902,0.933,61.66,61.16,-0.951
301,MYH10,0.0,0.816,-1.12,0.982,0.99,49.17,48.05,-0.09,0.374,0.3,0.994,0.984,48.76,49.06,-0.103
330,PHB2,0.0,0.986,1.72,0.841,0.903,61.87,63.59,-0.032,2.33,-4.1,0.872,0.926,58.94,54.84,-0.04
329,PHB,0.0,,,0.772,0.889,64.1,64.41,-0.027,0.684,-1.29,0.834,0.881,62.85,61.56,-0.026
328,PFKM,0.0,,,0.586,0.848,62.29,62.43,-0.761,,,0.942,0.798,62.26,61.12,-0.739
327,PDIA6,0.0,,,0.383,0.837,68.99,56.4,-0.097,,,0.526,0.814,68.99,54.81,-0.12
326,PDIA4,0.0,,,0.756,0.919,54.9,53.23,-0.127,,,0.729,0.884,52.78,52.16,-0.161
325,PDIA3,0.0,0.811,-1.11,0.926,0.986,52.54,51.43,-0.121,0.526,-0.84,0.944,0.951,51.65,50.81,-0.129
324,PCYOX1,0.0,0.411,-0.2,0.916,0.958,61.0,60.8,-0.124,0.717,1.36,0.872,0.826,64.41,65.77,-0.055
323,PC,0.0,0.334,0.04,0.988,0.987,49.42,49.46,-0.135,0.386,-0.36,0.994,0.991,49.63,49.27,-0.133
322,PANX1,0.0,,,0.856,0.742,68.99,68.99,-0.045,,,0.116,0.207,68.99,68.99,-0.089
321,PAK2,0.0,0.45,-0.31,0.982,0.984,55.22,54.91,-0.095,0.579,-1.0,0.964,0.993,54.97,53.97,-0.092
320,PAFAH1B2,0.0,0.602,0.99,0.999,0.996,50.89,51.88,-0.164,0.51,-0.79,0.995,0.996,51.05,50.26,-0.097
319,P4HB,0.0,,,0.0,0.186,37.0,68.99,-0.006,,,0.0,0.0,68.91,68.99,-0.0
318,P2RY1,0.0,0.355,-0.03,0.926,0.966,60.81,60.78,-0.029,,,0.796,0.658,62.58,64.01,-0.023
317,P2RX1,0.0,0.354,0.33,0.974,0.895,62.23,62.56,-0.047,,,0.87,0.792,64.06,63.25,-0.027
316,ORAI1,0.0,0.659,-0.81,0.88,0.821,66.81,66.0,-0.035,,,0.857,0.784,66.87,64.32,-0.026
315,NUCB2,0.0,,,0.0,0.0,37.0,68.99,-0.0,,,0.0,0.0,37.0,37.0,0.0
314,NTRK1,0.0,7.56,6.99,0.886,1.0,39.27,46.26,-0.895,5.882,-7.46,0.999,0.959,46.78,39.32,-0.89
313,NSF,0.0,0.302,0.15,0.997,0.996,49.89,50.04,-0.176,0.547,0.89,1.0,0.998,49.39,50.28,-0.186
312,NRD1,0.0,0.341,0.29,0.995,0.996,50.57,50.86,-0.231,0.481,0.68,0.997,0.998,50.28,50.96,-0.463
311,NRAS,0.0,,,0.0,0.0,67.52,68.32,-0.157,,,0.0,0.0,67.21,66.87,-0.179
310,NPTN,0.0,,,0.726,0.647,60.01,60.25,-0.043,,,0.813,0.785,60.01,60.62,-0.05
309,NPC1,0.0,,,0.0,0.0,37.0,68.99,-0.0,,,0.0,0.0,37.0,37.0,0.0
308,NOTCH1,0.0,0.347,0.31,0.995,0.997,47.24,47.55,-0.126,0.445,0.56,0.994,0.996,47.16,47.72,-0.134
307,NEO1,0.0,0.585,0.95,0.999,0.998,53.31,54.26,-0.065,0.595,1.03,0.998,0.997,53.25,54.28,-0.067
306,NCSTN,0.0,,,0.752,0.82,60.38,54.91,-0.046,,,0.06,0.012,68.99,68.99,-0.006
305,NCAM2,0.0,0.384,-0.12,0.984,0.907,58.74,58.62,-0.094,0.988,1.98,0.964,0.91,62.97,64.95,-0.047
304,NAPG,0.0,0.427,0.55,0.998,0.995,48.87,49.42,-0.16,0.347,0.19,0.994,0.989,48.46,48.65,-0.157
303,NAG,0.0,0.436,-0.27,0.988,0.993,46.99,46.72,-0.204,0.387,0.35,0.805,0.937,39.39,39.74,-0.811
302,MYH9,0.0,0.452,0.62,0.989,0.989,51.81,52.43,-0.123,0.484,0.69,0.987,0.98,52.49,53.18,-0.157
398,SDC1,0.0,,,0.758,0.622,65.02,68.99,-0.022,,,0.721,0.28,68.99,68.99,-0.017
400,SDC4,0.0,,,0.837,0.633,61.76,64.14,-0.029,,,0.796,0.152,68.19,68.99,-0.021
267,LNPEP,0.0,,,0.0,0.0,68.99,68.99,-0.0,,,0.0,0.0,37.0,37.0,0.0
498,TMEM8,0.0,0.49,0.72,0.967,0.995,61.25,61.97,-0.032,0.658,-1.22,0.984,0.985,59.39,58.17,-0.038
496,TMEM30A,0.0,0.458,-0.33,0.963,0.954,57.72,57.39,-0.138,0.439,0.54,0.946,0.957,57.09,57.63,-0.115
495,TMEM2,0.0,0.369,0.38,0.992,0.99,56.43,56.81,-0.05,0.331,-0.14,0.996,0.991,56.47,56.33,-0.051
494,TMED10,0.0,0.319,0.09,0.892,0.949,56.86,56.95,-0.139,0.919,-1.85,0.904,0.939,57.38,55.53,-0.11
493,TLR9,0.0,0.458,-0.33,0.985,0.97,54.11,53.78,-0.129,0.505,0.76,0.981,0.994,53.64,54.4,-0.14
492,TLN1,0.0,0.358,-0.04,0.999,0.999,49.72,49.68,-0.194,0.305,0.01,1.0,0.999,49.79,49.8,-0.189
491,TIMP1,0.0,2.102,-2.85,0.966,0.998,62.63,59.78,-0.036,0.719,-1.38,0.966,0.989,61.07,59.69,-0.034
490,TGOLN2,0.0,,,0.0,0.0,37.0,37.0,0.0,,,0.0,0.0,37.0,37.0,0.0
489,TGFBR3,0.0,1.029,1.79,0.992,0.992,52.96,54.75,-0.064,0.521,0.81,0.996,0.996,54.34,55.15,-0.064
488,TGFB1,0.0,3.118,-3.8,0.946,0.985,59.71,55.91,-0.133,0.559,-0.94,0.954,0.985,55.8,54.86,-0.224
487,TFRC,0.0,,,0.271,0.0,68.99,68.99,-0.629,,,0.249,0.338,68.99,68.99,-0.706
486,TFR2,0.0,0.723,-0.94,0.865,0.894,64.1,63.16,-0.021,0.848,-1.69,0.909,0.939,63.12,61.43,-0.023
485,TFPI,0.0,,,0.726,0.758,68.99,60.36,-0.023,,,0.457,0.665,68.99,61.08,-0.021
484,TES,0.0,0.42,0.53,0.998,0.998,52.42,52.95,-0.2,0.362,0.25,0.993,0.999,52.38,52.63,-0.203
483,TBXA2R,0.0,0.998,1.74,0.864,0.862,55.91,57.65,-0.058,0.769,1.49,0.877,0.906,57.04,58.53,-0.065
482,TAGLN2,0.0,0.319,0.09,0.995,0.992,51.63,51.72,-0.157,0.636,-1.16,0.996,0.995,51.29,50.13,-0.129
481,SYPL1,0.0,,,0.0,0.0,68.99,37.0,-0.0,,,0.0,0.0,37.0,37.0,0.0
480,SUCLG2,0.0,0.389,0.44,0.993,0.998,51.98,52.42,-0.189,0.357,0.23,0.997,0.991,51.52,51.75,-0.213
479,SUCLG1,0.0,0.648,1.09,0.988,0.999,50.56,51.65,-0.188,0.469,0.64,0.997,0.996,51.18,51.82,-0.17
478,STXBP3,0.0,0.492,-0.42,0.994,0.993,49.74,49.32,-0.145,0.429,-0.52,1.0,1.0,48.84,48.32,-0.168
477,STXBP2,0.0,0.593,0.97,0.991,0.971,48.97,49.94,-0.117,,,0.999,0.796,48.05,39.34,-0.836
476,STX7,0.0,,,0.0,0.0,68.99,37.0,-0.0,,,0.0,0.0,37.0,37.0,0.0
475,STRAP,0.0,1.362,2.28,0.932,0.908,55.48,57.76,-0.037,0.574,0.97,0.974,0.966,54.33,55.3,-0.051
474,STOML2,0.0,,,0.191,0.241,68.72,68.71,-0.794,,,0.156,0.075,68.64,68.99,-0.796
473,STOM,0.0,,,0.0,0.0,68.97,68.99,-0.0,,,0.0,0.0,37.0,37.0,0.0
472,STIM1,0.0,0.645,-0.78,0.99,0.994,52.45,51.67,-0.1,0.371,-0.3,0.994,0.999,52.76,52.46,-0.141
471,STEAP3,0.0,0.443,-0.29,0.961,0.961,51.2,50.91,-0.085,0.323,0.09,0.983,0.955,53.7,53.79,-1.051
470,SPPL2B,0.0,,,0.856,0.752,62.2,63.29,-0.035,,,0.861,0.797,61.89,61.3,-0.03
469,SPN,0.0,,,0.088,0.011,68.99,68.99,-0.007,,,0.215,0.126,68.99,68.99,-0.007
468,SPINT1,0.0,0.926,1.62,0.921,0.91,60.1,61.72,-0.041,0.328,0.11,0.941,0.9,61.67,61.78,-0.04
497,TMEM33,0.0,1.673,-2.37,0.952,0.921,55.46,53.09,-0.04,2.56,-4.38,0.91,0.932,53.66,49.28,-0.076
499,TNFRSF10A,0.0,1.962,-2.7,0.98,0.985,53.2,50.5,-0.074,0.39,0.36,0.891,0.888,52.82,53.18,-0.042
466,SNX6,0.0,0.335,0.27,0.999,0.994,49.41,49.68,-0.133,0.417,0.46,0.993,0.99,48.93,49.39,-0.135
500,TNFRSF10B,0.0,1.527,-2.19,0.948,0.953,58.73,56.54,-0.033,1.128,2.26,0.994,0.976,57.0,59.26,-0.037
529,ZDHHC5,0.0,,,0.0,0.041,68.99,68.99,-0.155,,,0.0,0.011,68.99,65.77,-0.612
528,YWHAH,0.0,0.471,0.67,0.999,0.997,52.57,53.24,-0.126,0.331,-0.14,0.999,0.997,52.7,52.56,-0.124
527,YIPF3,0.0,,,0.0,0.0,68.99,37.0,-0.138,,,0.0,0.0,68.99,68.99,-0.453
526,XRCC5,0.0,4.366,5.06,0.983,0.997,39.33,44.39,-0.866,0.34,0.16,0.998,0.999,46.63,46.79,-1.288
525,VTN,0.0,0.681,1.16,0.961,0.949,56.45,57.61,-0.038,,,0.977,0.75,53.62,68.99,-0.04
524,VIM,0.0,0.557,-0.58,0.984,0.984,53.19,52.61,-0.211,0.359,0.24,0.996,0.995,52.84,53.08,-0.19
523,VDAC1,0.0,,,0.0,0.0,37.0,37.0,0.0,,,0.0,0.0,37.0,37.0,0.0
522,VCL,0.0,,,0.669,0.914,62.24,62.28,-0.89,0.47,-0.66,0.831,0.871,62.1,61.44,-0.884
521,VASP,0.0,0.416,0.52,0.992,0.995,48.22,48.74,-0.191,0.371,-0.3,0.999,0.999,48.67,48.37,-0.153
520,VASN,0.0,0.636,-0.76,0.974,0.976,58.4,57.64,-0.038,0.334,-0.15,0.981,0.961,60.6,60.45,-0.052
519,VAPA,0.0,0.522,0.8,0.982,0.98,56.5,57.3,-0.055,0.603,-1.07,0.987,0.98,57.35,56.28,-0.052
518,VAMP7,0.0,0.698,-0.89,0.991,0.956,54.36,53.47,-0.158,0.497,-0.75,0.961,0.96,50.92,50.17,-0.097
517,USP14,0.0,0.782,1.36,0.994,0.989,49.7,51.06,-1.147,0.407,-0.44,0.997,0.994,50.95,50.51,-0.194
516,UNC5B,0.0,0.678,-0.85,0.995,0.992,49.72,48.87,-0.192,0.418,-0.48,0.983,0.973,48.81,48.33,-0.156
515,UAP1,0.0,0.49,0.72,0.985,0.988,54.85,55.57,-0.236,0.373,-0.31,0.987,0.998,54.84,54.53,-0.132
514,TYRO3,0.0,0.352,-0.02,0.991,0.995,49.59,49.57,-0.123,,,0.991,0.737,59.0,53.8,-0.998
513,TXNDC4,0.0,3.251,-3.91,0.852,0.948,58.19,54.28,-0.091,0.501,-0.76,0.968,0.952,55.32,54.56,-0.113
512,TXNDC13,0.0,,,0.753,0.916,54.06,51.05,-0.86,0.424,-0.5,0.925,0.943,51.6,51.1,-0.116
511,TUBB2C,0.0,0.691,1.18,0.895,0.946,58.38,59.56,-0.09,1.232,-2.47,0.928,0.957,58.7,56.23,-0.088
510,TSPAN31,0.0,,,0.0,0.0,37.0,37.0,0.0,,,0.0,0.0,68.99,37.0,-0.0
509,TSPAN14,0.0,0.92,1.61,0.984,0.98,57.64,59.25,-0.044,0.49,0.71,0.979,0.962,57.96,58.67,-0.048
508,TRPV2,0.0,0.414,-0.21,0.967,0.962,55.76,55.55,-0.136,0.537,0.86,0.983,0.994,55.77,56.63,-0.208
507,TRPM4,0.0,0.303,0.16,0.972,0.976,52.16,52.32,-0.094,0.641,1.16,0.977,0.976,52.0,53.16,-0.11
506,TPCN1,0.0,1.381,-2.0,0.878,0.826,64.71,62.71,-0.082,,,0.343,0.41,65.64,65.56,-0.708
505,TPBG,0.0,1.128,-1.64,0.979,0.987,58.0,56.36,-0.066,0.434,0.52,0.996,0.989,57.09,57.61,-0.049
504,TOR2A,0.0,0.458,-0.33,0.933,0.966,52.14,51.81,-0.251,0.395,0.38,0.987,0.982,51.44,51.82,-0.148
503,TNFSF9,0.0,1.858,2.89,0.913,0.801,66.1,68.99,-0.02,0.794,1.55,0.879,0.905,66.29,67.84,-0.02
502,TNFRSF8,0.0,,,0.618,0.403,68.99,57.53,-0.021,0.784,-1.54,0.871,0.865,60.43,58.89,-0.024
501,TNFRSF1B,0.0,,,0.459,0.591,68.99,68.99,-0.008,,,0.533,0.234,68.99,68.99,-0.009
467,SORT1,0.0,0.877,-1.23,0.913,0.897,64.89,63.66,-0.025,2.731,-4.58,0.862,0.933,66.7,62.12,-0.029
465,SNAP29,0.0,0.798,1.39,0.951,0.942,55.47,56.86,-0.046,0.952,-1.92,0.946,0.938,55.52,53.6,-0.056
401,SDCBP,0.0,,,0.574,0.233,65.83,68.99,-0.02,,,0.818,0.337,61.96,68.25,-0.028
432,SLC26A6,0.0,0.507,-0.46,0.821,0.866,58.14,57.68,-0.065,0.625,-1.13,0.885,0.864,59.18,58.05,-0.087
430,SLC25A5,0.0,,,0.0,0.0,37.0,68.99,-0.0,,,0.0,0.067,68.99,68.99,-0.539
429,SLC25A4,0.0,,,0.0,0.0,68.99,37.0,-0.0,,,0.0,0.0,37.0,37.0,0.0
428,SLC25A3,0.0,,,0.0,0.0,37.0,37.0,0.0,,,0.0,0.0,37.0,68.99,-0.0
427,SLC25A13,0.0,0.364,-0.06,0.929,0.826,64.88,64.82,-0.185,,,0.865,0.719,65.55,65.53,-0.747
426,SLC25A11,0.0,,,0.0,0.0,37.0,37.0,0.0,,,0.0,0.0,37.0,68.99,-0.029
425,SLC23A2,0.0,,,0.663,0.516,68.99,68.99,-0.013,,,0.832,0.569,68.99,68.99,-0.024
424,SLC22A4,0.0,,,0.691,0.325,64.38,65.9,-0.151,,,0.377,0.514,68.11,65.48,-0.741
423,SLC22A23,0.0,,,0.794,0.778,68.99,68.99,-0.021,0.434,0.52,0.907,0.87,67.43,67.95,-0.025
422,SLC20A2,0.0,,,0.496,0.297,68.99,68.21,-0.076,,,0.16,0.223,68.99,68.99,-0.09
421,SLC20A1,0.0,,,0.038,0.091,65.63,65.6,-0.318,,,0.252,0.476,68.99,68.99,-0.016
420,SLC1A5,0.0,,,0.836,0.75,68.99,68.99,-0.026,0.647,-1.19,0.904,0.864,66.9,65.71,-0.026
419,SLC1A4,0.0,,,0.744,0.679,68.99,68.99,-0.028,,,0.688,0.789,68.99,68.99,-0.065
418,SLC19A2,0.0,,,0.509,0.638,65.46,60.56,-0.025,,,0.72,0.649,64.42,62.92,-0.121
417,SLC19A1,0.0,0.394,-0.15,0.913,0.891,62.83,62.68,-0.029,0.335,0.14,0.95,0.895,61.17,61.31,-0.034
416,SLC16A1,0.0,,,0.0,0.0,37.0,37.0,0.0,,,0.0,0.0,68.99,37.0,-0.0
415,SLC12A7,0.0,0.34,0.02,0.997,0.997,50.02,50.04,-0.125,0.436,0.53,0.999,0.997,49.31,49.84,-0.15
414,SLC12A6,0.0,0.443,-0.29,0.997,0.992,55.96,55.67,-0.124,0.387,0.35,0.995,0.99,55.03,55.38,-0.093
413,SLC12A4,0.0,0.404,-0.18,0.994,0.993,53.3,53.12,-0.102,0.436,0.53,0.998,0.995,53.51,54.04,-0.103
412,SLC12A2,0.0,0.423,0.54,0.957,0.945,55.36,55.9,-0.088,0.737,1.41,0.96,0.967,55.32,56.73,-0.099
411,SLC11A2,0.0,,,0.0,0.0,37.0,37.0,0.0,,,0.0,0.0,68.99,37.0,-0.0
410,SLAMF6,0.0,,,0.896,0.729,62.8,68.99,-0.02,1.181,2.36,0.96,0.899,60.97,63.33,-0.027
409,SIGLEC10,0.0,0.371,-0.08,0.992,0.979,53.63,53.55,-0.054,0.331,-0.14,0.976,0.976,54.42,54.28,-0.056
408,SERINC3,0.0,,,0.0,0.0,37.0,37.0,0.0,,,0.0,0.01,68.99,68.99,-0.004
407,SERBP1,0.0,0.482,0.7,0.881,0.964,58.26,58.96,-0.072,2.731,-4.58,0.963,0.989,59.69,55.11,-0.07
406,SEPHS1,0.0,,,0.549,0.696,68.99,68.99,-0.023,,,0.205,0.0,68.99,68.99,-0.675
405,SEMA7A,0.0,0.437,0.58,0.997,0.994,51.9,52.48,-0.082,0.322,-0.1,0.999,0.998,52.09,51.99,-0.086
404,SEMA4D,0.0,0.86,-1.2,0.83,0.848,64.15,62.95,-0.155,0.637,1.15,0.973,0.964,62.53,63.68,-0.064
403,SEMA4C,0.0,0.421,-0.23,0.99,0.992,55.64,55.41,-0.07,0.325,0.1,0.987,0.989,55.72,55.82,-0.07
402,SELPLG,0.0,,,0.787,0.509,68.99,68.99,-0.012,,,0.032,0.0,68.99,68.62,-0.004
431,SLC26A2,0.0,0.338,0.28,0.994,0.995,51.46,51.74,-0.139,0.401,0.4,0.99,0.992,51.75,52.15,-0.175
433,SLC29A1,0.0,1.567,-2.24,0.904,0.891,67.68,65.44,-0.084,,,0.713,0.549,68.99,68.99,-0.018
464,SNAP23,0.0,,,0.0,0.0,68.99,37.0,-0.0,,,0.0,0.0,37.0,37.0,0.0
434,SLC29A2,0.0,0.534,0.83,0.929,0.953,60.59,61.42,-0.231,0.481,0.68,0.932,0.926,61.04,61.72,-0.233
463,SLCO4A1,0.0,,,0.652,0.681,68.99,68.99,-0.017,,,0.697,0.735,68.99,68.99,-0.026
462,SLC9A3R1,0.0,0.35,0.32,0.979,0.986,57.72,58.04,-0.069,0.464,-0.64,0.957,0.953,58.7,58.06,-0.048
461,SLC9A1,0.0,0.511,-0.47,0.992,0.986,54.96,54.49,-0.06,1.138,2.28,0.994,0.995,54.91,57.19,-0.066
460,SLC7A6,0.0,0.397,-0.16,0.854,0.801,64.55,64.39,-0.192,,,0.875,0.744,63.67,64.63,-0.168
459,SLC7A5,0.0,,,0.793,0.829,64.0,62.83,-0.044,0.413,-0.46,0.944,0.804,63.52,63.06,-0.067
458,SLC7A11,0.0,1.06,1.84,0.908,0.933,61.05,62.89,-0.055,0.705,1.33,0.936,0.949,60.99,62.32,-0.053
457,SLC7A1,0.0,0.774,-1.04,0.957,0.872,64.25,63.21,-0.067,0.547,0.89,0.883,0.819,63.01,63.9,-0.078
456,SLC6A9,0.0,1.192,2.04,0.834,0.901,61.4,63.44,-0.143,0.837,1.65,0.884,0.897,61.41,63.06,-0.116
455,SLC6A8,0.0,0.366,0.37,0.899,0.853,63.23,63.6,-0.084,1.224,2.44,0.972,0.964,61.52,63.96,-0.096
454,SLC6A6,0.0,0.416,0.52,0.934,0.958,59.98,60.5,-0.068,0.393,0.37,0.955,0.94,61.09,61.46,-0.071
453,SLC5A6,0.0,0.355,-0.03,0.969,0.944,59.87,59.84,-0.048,0.954,1.91,0.973,0.979,59.36,61.27,-0.067
452,SLC5A3,0.0,,,0.504,0.316,68.47,67.76,-0.075,,,0.557,0.539,68.7,68.5,-0.087
451,SLC4A7,0.0,0.616,1.02,0.999,0.995,53.39,54.41,-0.128,1.474,2.87,1.0,0.953,53.88,56.75,-1.009
450,SLC4A2,0.0,0.35,0.32,0.99,0.993,51.68,52.0,-0.116,0.332,0.13,0.996,0.994,51.97,52.1,-0.133
449,SLC44A2,0.0,1.032,-1.49,0.909,0.879,64.39,62.9,-0.026,,,0.901,0.782,64.4,67.11,-0.026
448,SLC43A1,0.0,,,0.916,0.757,61.6,59.11,-0.114,,,0.788,0.711,60.79,59.2,-0.054
447,SLC40A1,0.0,0.507,-0.46,0.889,0.837,64.36,63.9,-0.03,,,0.822,0.708,65.34,66.79,-0.027
446,SLC39A6,0.0,0.459,0.64,0.961,0.926,59.18,59.82,-0.052,0.537,0.86,0.874,0.949,64.35,65.21,-0.108
445,SLC39A14,0.0,,,0.827,0.837,68.99,68.99,-0.024,,,0.749,0.824,68.99,68.99,-0.022
444,SLC38A5,0.0,0.572,0.92,0.963,0.95,58.81,59.73,-0.092,0.531,0.84,0.957,0.958,58.91,59.75,-0.085
443,SLC38A2,0.0,,,0.139,0.296,68.99,68.5,-0.064,,,0.0,0.464,68.99,68.99,-0.081
442,SLC38A1,0.0,0.565,-0.6,0.979,0.97,63.44,62.84,-0.807,0.54,0.87,0.992,0.918,63.29,64.16,-0.396
441,SLC31A1,0.0,1.195,-1.74,0.957,0.972,61.31,59.57,-0.086,1.586,3.05,0.93,0.92,61.24,64.29,-0.034
440,SLC30A1,0.0,,,0.681,0.575,66.76,68.4,-0.025,,,0.478,0.467,68.99,68.99,-0.019
439,SLC2A5,0.0,,,0.483,0.24,68.99,68.99,-0.054,,,0.0,0.0,68.99,68.99,-0.226
438,SLC2A4,0.0,,,0.662,0.812,68.99,57.4,-0.027,,,0.796,0.906,68.62,68.99,-0.028
437,SLC2A3,0.0,,,0.547,0.541,68.99,68.99,-0.01,,,0.381,0.352,68.99,68.99,-0.049
436,SLC2A13,0.0,,,0.0,0.0,37.0,68.99,-0.0,,,0.0,0.0,37.0,37.0,0.0
435,SLC2A1,0.0,,,0.739,0.712,68.99,68.99,-0.014,,,0.907,0.739,68.99,68.99,-0.014
268,LRFN1,0.0,0.548,-0.56,1.0,0.998,53.65,53.09,-0.071,0.464,-0.64,0.996,0.996,53.12,52.48,-0.08
265,LGALS1,0.0,,,0.034,0.733,68.99,68.99,-0.103,,,0.322,0.415,68.75,68.99,-0.171
266,LMAN2,0.0,0.379,0.41,0.907,0.945,55.87,56.28,-0.067,,,0.738,0.554,60.62,66.68,-0.031
85,CAPN1,0.0,,,0.469,0.693,62.52,62.44,-0.817,,,0.423,0.336,62.49,62.53,-0.773
99,CD55,0.0,,,0.0,0.0,37.0,37.0,0.0,,,0.0,0.0,68.99,37.0,-0.0
98,CD53,0.0,,,0.085,0.078,68.99,68.99,-0.027,,,0.133,0.142,68.99,68.99,-0.056
97,CD48,0.0,1.711,2.72,0.943,0.927,60.96,63.68,-0.036,1.154,2.31,0.956,0.93,63.04,65.35,-0.031
96,CD47,0.0,,,0.377,0.281,68.99,68.99,-0.005,,,0.661,0.119,68.99,68.99,-0.009
95,CD46,0.0,1.118,1.93,0.945,0.926,62.09,64.02,-0.043,0.85,1.68,0.937,0.876,62.6,64.28,-0.034
94,CD44,0.0,,,0.763,0.854,68.99,68.99,-0.014,,,0.601,0.469,68.99,68.99,-0.012
93,CD40,0.0,,,0.525,0.563,68.06,64.14,-0.018,,,0.539,0.736,68.99,68.99,-0.014
92,CD37,0.0,0.346,0.0,0.861,0.82,68.99,68.99,-0.015,0.413,-0.46,0.931,0.828,64.47,64.01,-0.021
91,CD320,0.0,,,0.0,0.0,37.0,37.0,0.0,,,0.0,0.0,37.0,37.0,0.0
90,CD200R1,0.0,,,0.817,0.692,68.99,68.99,-0.011,,,0.243,0.0,68.99,37.0,-0.005
89,CD151,0.0,,,0.638,0.726,68.99,68.99,-0.039,,,0.524,0.391,68.99,68.99,-0.012
88,CCT3,0.0,0.337,0.03,0.997,0.995,56.0,56.03,-0.145,0.482,-0.7,0.994,0.981,56.19,55.49,-0.135
87,CAT,0.0,,,0.0,0.0,65.91,65.94,-0.663,,,0.585,0.388,66.02,67.04,-0.685
86,CASP3,0.0,,,0.736,0.0,68.99,37.0,-0.02,,,0.719,0.0,68.99,68.99,-0.02
84,CAP1,0.0,0.312,0.19,0.994,0.999,53.64,53.83,-0.25,0.318,0.07,0.994,0.994,53.55,53.62,-0.196
1,ABCA8,0.0,0.705,1.21,0.89,0.85,56.22,57.43,-0.054,0.374,0.3,0.898,0.88,57.11,57.41,-0.053
83,CALR,0.0,,,0.0,0.0,37.0,37.0,0.0,,,0.0,0.0,68.99,37.0,-0.0
82,CADM4,0.0,0.883,-1.24,0.903,0.879,63.72,62.48,-0.047,0.303,0.0,0.98,0.854,68.99,68.99,-0.019
81,CAD,0.0,0.381,-0.11,0.997,0.996,49.85,49.74,-0.163,0.313,-0.06,0.998,0.996,49.9,49.84,-0.145
80,C8ORF55,0.0,,,0.0,0.0,68.99,68.99,-0.506,,,0.011,0.05,68.99,68.99,-0.634
79,C20ORF3,0.0,0.843,-1.17,0.99,0.928,59.27,58.1,-0.769,,,0.813,0.738,64.92,67.43,-0.061
78,C1QBP,0.0,0.452,0.62,0.974,0.986,50.94,51.56,-0.259,0.432,-0.53,0.992,0.984,50.5,49.97,-0.105
77,C17ORF60,0.0,0.379,0.41,0.978,0.984,57.84,58.25,-0.034,0.315,-0.07,0.988,0.975,57.88,57.81,-0.035
76,C11ORF59,0.0,,,0.634,0.538,65.32,68.99,-0.35,0.434,0.52,0.863,0.889,65.72,66.24,-0.613
75,BTN2A1,0.0,0.361,-0.05,0.98,0.986,53.18,53.13,-0.087,0.374,0.3,0.986,0.99,53.26,53.56,-0.096
74,BST2,0.0,,,0.359,0.464,68.99,68.99,-0.012,,,0.472,0.606,68.99,68.99,-0.008
73,BSG,0.0,,,0.688,0.639,68.99,68.99,-0.015,,,0.762,0.703,68.99,68.99,-0.024
72,BOLA2,0.0,0.555,0.88,0.993,0.995,50.0,50.88,-0.153,0.769,1.49,0.993,0.999,50.03,51.52,-0.202
71,BLVRB,0.0,0.434,0.57,0.999,0.999,49.84,50.41,-0.21,0.49,0.71,0.998,0.996,49.53,50.24,-0.192
70,BCAP31,0.0,,,0.0,0.0,37.0,37.0,0.0,,,0.0,0.0,37.0,37.0,0.0
100,CD59,0.0,,,0.042,0.0,68.99,68.99,-0.055,,,0.058,0.02,68.99,68.99,-0.081
101,CD63,0.0,,,0.0,0.0,37.0,37.0,0.0,,,0.0,0.0,68.99,37.0,-0.0
102,CD69,0.0,1.185,2.03,0.866,0.828,65.06,67.09,-0.025,,,0.815,0.736,67.97,68.99,-0.025
103,CD80,0.0,0.641,-0.77,0.922,0.939,60.13,59.36,-0.033,0.313,-0.06,0.988,0.99,56.28,56.22,-0.041
132,CSDE1,0.0,,,0.767,0.994,39.36,48.0,-0.816,5.837,7.41,0.86,0.982,39.6,47.01,-0.761
131,CS,0.0,0.676,1.15,0.988,1.0,51.0,52.15,-0.121,0.454,0.59,0.998,0.998,51.18,51.77,-0.123
130,CPNE1,0.0,0.514,0.78,0.993,0.991,47.38,48.16,-0.256,0.349,0.2,0.99,0.984,51.19,51.39,-0.112
129,CPD,0.0,,,0.892,0.761,53.62,55.56,-0.069,,,0.243,0.03,68.99,68.99,-0.013
128,CORO1B,0.0,0.335,0.27,0.994,0.99,51.16,51.43,-1.151,0.382,0.33,0.996,0.995,51.82,52.15,-0.288
127,COPB1,0.0,0.515,-0.48,0.993,0.996,51.5,51.02,-0.176,0.327,-0.12,0.995,0.991,51.38,51.26,-0.181
126,COMT,0.0,0.473,-0.37,0.999,0.997,52.16,51.79,-0.135,0.338,-0.17,0.998,0.997,51.63,51.46,-0.118
125,CNPY2,0.0,,,0.311,0.516,68.99,68.99,-0.014,,,0.513,0.248,68.99,68.99,-0.014
124,CNNM4,0.0,0.343,0.01,0.998,0.997,49.55,49.56,-0.137,0.314,0.05,0.997,0.996,49.01,49.06,-0.163
123,CNNM3,0.0,0.458,-0.33,0.993,0.995,50.84,50.51,-0.112,0.312,0.04,0.995,0.991,50.33,50.37,-0.123
122,CNN2,0.0,0.366,0.37,0.998,0.999,48.58,48.95,-0.162,0.323,0.09,0.999,0.999,48.77,48.86,-0.144
121,CLTC,0.0,0.65,-0.79,0.994,0.99,51.16,50.37,-0.247,0.524,0.82,0.986,0.923,50.73,51.55,-1.11
120,CLTA,0.0,0.319,0.09,0.903,0.932,59.46,59.55,-0.064,,,0.886,0.609,60.06,62.24,-0.683
119,CLPTM1,0.0,4.344,-4.74,0.931,0.981,55.6,50.86,-0.112,0.348,-0.21,0.964,0.999,51.72,51.51,-0.146
118,CLN3,0.0,,,0.0,0.0,37.0,37.0,0.0,,,0.0,0.0,37.0,37.0,0.0
117,CLIC4,0.0,0.432,-0.26,0.998,0.996,52.72,52.46,-0.169,0.322,-0.1,0.996,0.994,51.38,51.28,-0.128
116,CLIC1,0.0,0.492,-0.42,0.983,0.999,52.5,52.08,-0.247,0.337,0.15,0.994,0.987,51.78,51.93,-0.166
115,CLDND1,0.0,0.364,-0.06,0.951,0.936,61.11,61.05,-0.038,0.406,0.42,0.953,0.923,61.29,61.71,-0.038
114,CLCN3,0.0,0.708,-0.91,0.956,0.918,59.55,58.64,-0.098,0.36,-0.26,0.965,0.969,59.1,58.84,-0.095
113,CHID1,0.0,,,0.0,0.037,37.0,68.99,-0.006,,,0.605,0.679,68.99,56.0,-0.038
112,CDV3,0.0,1.233,2.1,0.899,0.889,54.04,56.14,-0.05,0.545,-0.9,0.939,0.949,57.68,56.78,-0.067
111,CDIPT,0.0,,,0.788,0.869,61.22,57.57,-0.044,2.394,-4.18,0.852,0.889,60.14,55.96,-0.037
110,CDCP1,0.0,0.414,-0.21,0.994,0.995,56.53,56.32,-0.038,0.482,-0.7,0.997,0.994,56.6,55.9,-0.038
109,CDC42,0.0,,,0.0,0.0,37.0,37.0,0.0,,,0.0,0.0,37.0,37.0,0.0
108,CD99L2,0.0,,,0.0,0.0,37.0,37.0,0.0,,,0.0,0.0,68.99,37.0,-0.0
107,CD99,0.0,,,0.826,0.668,68.99,67.86,-0.072,,,0.543,0.449,68.99,68.99,-0.066
106,CD97,0.0,0.354,0.33,0.893,0.871,64.14,64.47,-0.03,0.537,0.86,0.977,0.963,61.65,62.51,-0.05
105,CD84,0.0,0.725,1.25,0.972,0.959,59.45,60.7,-0.031,0.338,-0.17,0.975,0.971,56.09,55.92,-0.064
104,CD82,0.0,,,0.773,0.607,68.99,68.99,-0.021,,,0.436,0.747,68.99,68.89,-0.017
69,BCAM,0.0,0.376,0.4,0.979,0.987,57.56,57.96,-0.04,0.331,-0.14,0.991,0.985,56.44,56.3,-0.04
68,B4GALNT1,0.0,1.758,-2.47,0.964,0.983,54.38,51.91,-0.06,,,0.812,0.476,58.46,68.99,-0.039
67,B2M,0.0,,,0.0,0.0,37.0,68.75,-0.0,,,0.0,0.0,37.0,37.0,0.0
32,ANXA5,0.0,0.425,-0.24,0.999,0.999,48.81,48.57,-0.184,0.304,-0.02,0.999,1.0,47.74,47.72,-0.203
30,ANXA2,0.0,0.34,0.02,0.999,0.999,53.49,53.51,-0.171,0.438,-0.55,0.993,0.984,53.21,52.66,-0.182
29,ANXA1,0.0,0.335,0.27,0.999,0.999,48.67,48.94,-0.264,0.405,-0.43,1.0,1.0,48.54,48.11,-0.207
28,ANTXR2,0.0,,,0.817,0.595,68.99,68.99,-0.025,,,0.0,0.261,68.99,68.99,-0.039
27,ANPEP,0.0,0.346,0.0,0.938,0.904,68.99,68.99,-0.02,,,0.737,0.62,68.99,68.99,-0.015
26,ANO6,0.0,0.344,0.3,0.983,0.985,56.17,56.47,-0.255,0.373,-0.31,0.984,0.981,55.98,55.67,-0.199
25,ANK1,0.0,7.467,6.94,0.892,0.998,39.44,46.38,-0.802,0.395,0.38,0.997,0.991,46.54,46.92,-0.085
24,AMIGO2,0.0,0.341,0.29,0.983,0.972,55.47,55.76,-0.077,0.482,-0.7,0.998,0.995,55.24,54.54,-0.072
23,ALS2CR4,0.0,,,0.0,0.0,37.0,37.0,0.0,,,0.657,0.71,61.75,62.36,-0.028
22,ALCAM,0.0,,,0.822,0.717,68.99,68.99,-0.029,,,0.769,0.651,61.93,67.02,-0.026
21,AHSG,0.0,,,0.0,0.0,68.99,37.0,-0.0,,,0.0,0.0,37.0,37.0,0.0
20,AHNAK,0.0,,,0.551,0.628,67.85,65.58,-0.019,,,0.463,0.471,68.99,68.99,-0.015
19,ADSS,0.0,0.396,0.46,0.986,0.996,58.71,59.17,-0.127,0.435,-0.54,0.987,0.966,58.77,58.23,-0.149
18,ADCY7,0.0,0.391,-0.14,0.999,0.999,49.69,49.55,-0.132,0.417,0.46,0.988,0.989,49.63,50.09,-0.144
17,ADCY3,0.0,0.329,0.25,0.997,0.997,48.9,49.15,-0.169,0.395,0.38,0.996,0.997,49.08,49.46,-0.158
16,ADAM9,0.0,0.407,-0.19,0.891,0.911,64.3,64.11,-0.034,,,0.796,0.859,67.39,67.41,-0.024
15,ADAM17,0.0,0.322,0.08,0.973,0.991,54.22,54.3,-0.058,0.343,-0.19,0.979,0.986,53.69,53.5,-0.073
14,ADAM15,0.0,0.406,0.49,0.988,0.98,54.85,55.34,-0.049,0.435,-0.54,0.996,0.976,56.76,56.22,-0.066
13,ADAM10,0.0,0.326,0.24,0.967,0.97,57.2,57.44,-0.039,0.491,-0.73,0.988,0.99,56.32,55.59,-0.039
12,ACVR1,0.0,0.319,0.09,1.0,1.0,47.43,47.52,-0.179,0.32,-0.09,1.0,1.0,47.38,47.29,-0.211
11,ACTN1,0.0,0.738,-0.97,0.972,0.988,58.2,57.23,-0.1,0.719,-1.38,0.978,0.977,57.7,56.32,-0.101
10,ACPP,0.0,0.538,0.84,0.974,0.983,51.85,52.69,-0.128,,,0.827,0.757,51.44,50.36,-0.129
9,ACOX1,0.0,,,0.0,0.0,68.99,37.0,-0.0,,,0.0,0.0,37.0,37.0,0.0
8,ACLY,0.0,0.476,-0.38,0.993,0.995,52.26,51.88,-0.182,0.499,0.74,0.995,0.998,52.04,52.78,-0.29
7,ACE,0.0,0.798,1.39,0.983,0.972,58.36,59.75,-0.045,0.351,-0.22,0.985,0.98,58.82,58.6,-0.048
6,ABCC5,0.0,0.439,-0.28,0.99,0.988,52.88,52.6,-0.075,0.308,-0.04,0.989,0.99,54.24,54.2,-0.077
5,ABCC4,0.0,0.341,0.29,0.918,0.878,59.03,59.32,-0.07,0.455,-0.61,0.911,0.892,59.39,58.78,-0.07
4,ABCC10,0.0,0.346,0.0,0.0,0.0,0.0,0.0,0.0,,,0.0,0.251,56.67,68.99,-0.775
3,ABCC1,0.0,0.32,0.22,0.976,0.957,55.17,55.39,-0.096,0.701,1.32,0.976,0.984,55.04,56.36,-0.111
2,ABCB1,0.0,0.502,0.75,0.987,0.992,52.29,53.04,-0.082,0.544,0.88,0.98,0.974,52.54,53.42,-0.076
31,ANXA3,0.0,0.667,1.13,0.865,0.898,51.5,52.63,-0.25,0.387,0.35,0.994,0.997,52.05,52.4,-0.25
33,ANXA7,0.0,0.496,-0.43,0.994,0.993,51.72,51.29,-0.129,0.817,-1.62,0.996,0.993,51.46,49.84,-0.151
66,ATRN,0.0,1.632,-2.32,0.935,0.979,62.8,60.48,-0.027,0.387,0.35,0.963,0.93,61.55,61.9,-0.025
34,AP2A1,0.0,0.598,0.98,0.993,0.999,50.58,51.56,-0.156,0.303,0.0,0.999,0.991,51.04,51.04,-0.131
65,ATPIF1,0.0,,,0.0,0.0,37.0,37.0,0.0,,,0.0,0.0,37.0,37.0,0.0
64,ATP7A,0.0,0.302,0.15,0.998,0.998,49.67,49.82,-0.136,0.401,0.4,0.998,0.997,49.97,50.37,-0.145
63,ATP6V1E1,0.0,0.341,0.29,0.836,0.882,50.91,51.2,-0.858,0.394,-0.39,0.986,0.992,52.11,51.72,-0.12
62,ATP6V1B2,0.0,0.569,-0.61,0.861,0.949,56.59,55.98,-0.06,0.68,-1.28,0.86,0.913,56.34,55.06,-0.088
61,ATP6V1A,0.0,,,0.734,0.883,54.69,53.16,-0.091,,,0.726,0.93,54.25,52.07,-0.106
60,ATP6V0D1,0.0,,,0.112,0.074,66.36,66.18,-0.665,,,0.0,0.003,68.73,68.86,-0.794
59,ATP6V0A2,0.0,,,0.631,0.556,65.52,63.48,-0.764,,,0.386,0.391,65.7,65.69,-0.739
58,ATP6V0A1,0.0,,,0.614,0.693,68.78,68.74,-0.794,,,0.357,0.435,68.75,68.79,-0.793
57,ATP6AP1,0.0,,,0.0,0.0,37.0,37.0,0.0,,,0.0,0.0,37.0,37.0,0.0
56,ATP5O,0.0,,,0.481,0.586,65.77,65.83,-0.845,,,0.438,0.52,65.95,65.89,-0.838
55,ATP5B,0.0,,,0.546,0.589,68.27,68.35,-0.805,,,0.532,0.62,68.36,68.4,-0.803
54,ATP5A1,0.0,,,0.166,0.253,68.47,68.45,-0.8,,,0.137,0.274,68.34,68.37,-0.803
53,ATP2B4,0.0,,,0.803,0.78,61.07,58.9,-0.423,7.023,-8.29,0.859,0.933,60.68,52.39,-0.411
52,ATP2A3,0.0,0.337,0.03,0.991,0.996,52.26,52.29,-0.176,0.321,0.08,0.998,0.996,52.32,52.4,-0.236
51,ATP2A2,0.0,0.381,-0.11,0.99,0.997,52.06,51.95,-0.184,0.455,-0.61,0.999,0.987,52.17,51.56,-0.201
48,ATP1A1,0.0,0.346,0.0,0.0,0.0,0.0,0.0,0.0,,,0.44,0.576,62.23,64.62,-0.878
47,ATP13A3,0.0,0.406,0.49,0.987,0.994,54.47,54.96,-0.225,0.305,0.01,0.979,0.985,54.45,54.46,-0.197
46,ATP11C,0.0,0.364,-0.06,0.95,0.976,57.77,57.71,-0.341,0.586,-1.02,0.98,0.968,57.78,56.76,-0.194
45,ATP11B,0.0,,,0.366,0.336,62.64,62.62,-0.816,,,0.417,0.458,62.58,62.46,-0.805
44,ATP11A,0.0,,,0.799,0.842,60.13,60.32,-0.884,,,0.843,0.673,60.89,60.24,-0.834
43,ASPH,0.0,0.627,-0.74,0.958,0.98,51.6,50.86,-0.096,,,0.971,0.769,51.03,52.17,-0.152
42,ARL2,0.0,0.653,1.1,0.968,0.989,52.81,53.91,-0.14,0.369,0.28,0.963,0.964,53.55,53.83,-0.15
41,ARL15,0.0,1.073,1.86,0.979,0.971,53.69,55.55,-0.065,0.628,-1.14,0.947,0.953,56.58,55.44,-0.044
40,APOE,0.0,,,0.615,0.719,61.2,58.57,-0.034,,,0.056,0.021,68.99,68.99,-0.007
39,APOB48R,0.0,,,0.0,0.0,37.0,37.0,0.0,,,0.0,0.0,37.0,37.0,0.0
38,APOA1BP,0.0,,,0.686,0.0,68.99,37.0,-0.013,1.452,-2.85,0.843,0.943,68.99,66.14,-0.031
37,APLP2,0.0,,,0.536,0.503,60.33,60.35,-0.028,,,0.051,0.005,68.99,68.99,-0.009
36,AP2M1,0.0,0.833,-1.15,0.97,0.976,52.66,51.51,-0.16,0.542,-0.89,0.991,0.997,52.86,51.97,-0.073
35,AP2B1,0.0,0.518,0.79,0.989,0.997,51.02,51.81,-0.151,0.369,0.28,0.995,0.999,51.66,51.94,-0.244
133,CSK,0.0,0.326,0.24,0.986,0.97,49.95,50.19,-0.098,0.461,-0.63,0.975,0.988,49.13,48.5,-0.182
134,CTNND1,0.0,0.48,-0.39,0.987,0.987,47.36,46.97,-0.157,0.305,0.01,0.991,0.987,46.54,46.55,-0.183
135,CTSB,0.0,,,0.0,0.0,37.0,37.0,0.0,,,0.0,0.0,37.0,37.0,0.0
233,IGSF8,0.0,0.357,0.34,0.947,0.922,59.42,59.76,-0.045,0.487,0.7,0.905,0.898,58.98,59.68,-0.038
231,IGF1R,0.0,0.461,-0.34,0.998,0.994,47.18,46.84,-0.187,0.497,-0.75,0.999,0.986,46.98,46.23,-0.15
230,IFNGR1,0.0,,,0.0,0.0,68.99,68.99,-0.042,,,0.292,0.173,68.99,68.99,-0.007
229,IFNAR2,0.0,0.322,0.08,0.999,0.998,50.31,50.39,-0.101,0.786,1.53,0.988,0.991,50.65,52.18,-0.073
228,IFNAR1,0.0,0.391,-0.14,0.994,0.999,52.4,52.26,-0.085,0.314,0.05,0.996,0.993,52.61,52.66,-0.096
227,IFITM1,0.0,0.304,0.14,0.968,0.945,59.98,60.12,-0.363,0.349,0.2,0.802,0.86,59.66,59.86,-0.774
226,ICAM5,0.0,0.411,-0.2,0.983,0.982,59.03,58.83,-0.034,1.437,2.81,0.996,0.992,58.68,61.49,-0.037
225,ICAM2,0.0,0.428,-0.25,0.991,0.99,56.41,56.16,-0.044,0.537,0.86,0.984,0.974,55.79,56.65,-0.046
224,ICAM1,0.0,1.022,1.78,0.924,0.9,65.16,66.94,-0.024,0.705,1.33,0.901,0.883,65.65,66.98,-0.025
223,HSPD1,0.0,0.494,0.73,0.975,0.983,58.02,58.75,-0.117,0.628,-1.14,0.954,0.958,57.87,56.73,-0.081
222,HSPB1,0.0,0.459,0.64,0.976,0.981,48.67,49.31,-0.133,0.314,0.05,0.978,0.977,48.47,48.52,-0.132
221,HSPA8,0.0,0.522,0.8,0.96,0.964,54.4,55.2,-0.065,0.582,-1.01,0.965,0.971,54.86,53.85,-0.061
220,HSPA5,0.0,,,0.0,0.634,68.99,68.99,-0.013,,,0.0,0.175,68.99,68.99,-0.137
219,HSP90B1,0.0,,,0.232,0.658,68.99,62.27,-0.025,,,0.486,0.574,68.99,57.34,-0.041
218,HSP90AB1,0.0,0.364,-0.06,0.997,0.999,51.59,51.53,-0.285,0.302,-0.01,0.992,0.992,51.45,51.44,-0.27
217,HSP90AA1,0.0,0.381,-0.11,0.995,0.999,51.64,51.53,-0.262,0.305,0.01,0.989,0.991,51.55,51.56,-0.221
216,HSD17B11,0.0,0.698,-0.89,0.911,0.951,55.35,54.46,-0.08,,,0.0,0.032,68.99,68.99,-0.004
215,HSD17B10,0.0,0.309,0.18,0.987,0.99,55.4,55.58,-0.122,0.416,-0.47,0.992,0.993,55.57,55.1,-0.124
214,HNRNPM,0.0,0.331,0.05,0.999,0.999,44.73,44.78,-0.124,0.355,-0.24,1.0,1.0,45.15,44.91,-0.135
213,HN1L,0.0,0.528,-0.51,0.852,0.893,60.73,60.22,-0.779,,,0.866,0.69,60.57,60.99,-0.307
212,HMOX2,0.0,0.437,0.58,0.995,0.997,48.73,49.31,-0.162,0.501,-0.76,0.977,0.988,53.08,52.32,-0.074
211,HMGB1,0.0,0.914,1.6,0.878,0.932,60.47,62.07,-0.054,3.018,-4.9,0.938,0.977,59.97,55.07,-0.044
210,HM13,0.0,,,0.0,0.0,68.99,68.99,-0.423,,,0.0,0.0,68.99,68.99,-0.0
209,HINT1,0.0,0.373,0.39,0.933,0.885,60.53,60.92,-0.394,,,0.715,0.85,61.29,60.98,-0.296
208,HEPH,0.0,0.42,0.53,0.996,0.996,55.48,56.01,-0.047,0.317,-0.08,0.999,0.998,55.23,55.15,-0.052
207,HDLBP,0.0,1.827,-2.55,0.884,0.96,50.65,48.1,-0.116,,,0.931,0.357,47.67,48.66,-0.146
206,HDDC2,0.0,0.461,-0.34,0.892,0.974,58.89,58.55,-0.071,0.378,-0.33,0.939,0.95,60.47,60.14,-0.134
205,GSTP1,0.0,0.526,0.81,0.993,0.987,55.03,55.84,-0.171,0.464,-0.64,0.988,0.993,54.8,54.16,-0.114
204,GSR,0.0,,,0.0,0.0,37.0,37.0,0.0,,,0.0,0.0,37.0,68.99,-0.0
203,GPRC5C,0.0,0.671,1.14,0.884,0.846,64.83,65.97,-0.035,,,0.147,0.242,68.99,68.99,-0.083
232,IGF2R,0.0,0.316,0.1,0.938,0.946,60.52,60.62,-0.03,1.554,3.0,0.954,0.912,60.36,63.36,-0.04
234,IL10RB,0.0,0.416,0.52,0.994,0.995,52.43,52.95,-0.088,0.354,0.22,0.992,0.991,52.04,52.26,-0.085
201,GPR183,0.0,0.869,1.52,0.936,0.966,59.77,61.29,-0.113,0.798,1.56,0.94,0.944,60.48,62.04,-0.091
235,IL13RA1,0.0,0.448,0.61,0.975,0.967,55.23,55.84,-0.045,1.851,-3.46,0.922,0.982,59.13,55.67,-0.036
264,LEPR,0.0,0.519,-0.49,0.954,0.963,55.7,55.21,-0.074,0.512,0.78,0.989,0.99,55.8,56.58,-0.046
263,LDLR,0.0,,,0.685,0.859,68.99,60.43,-0.024,,,0.387,0.644,68.99,68.99,-0.014
262,LCP1,0.0,0.511,-0.47,0.986,0.992,56.84,56.37,-0.07,0.607,-1.08,0.985,0.98,56.7,55.62,-0.079
261,LANCL1,0.0,,,0.79,0.955,63.42,63.04,-0.666,,,0.423,0.112,68.99,68.99,-0.062
260,LAMP2,0.0,,,0.0,0.0,37.0,37.0,0.0,,,0.0,0.0,68.99,68.99,-0.0
259,LAMP1,0.0,,,0.0,0.0,68.99,37.0,-0.0,,,0.0,0.0,37.0,37.0,0.0
258,KTN1,0.0,0.396,0.46,0.993,0.998,49.54,50.0,-0.108,0.57,0.96,0.999,0.994,49.54,50.5,-0.103
257,KISS1R,0.0,0.315,0.2,0.964,0.997,57.43,57.63,-0.09,0.357,0.23,0.962,0.98,56.81,57.04,-0.066
256,KEL,0.0,1.168,-1.7,0.994,0.984,57.12,55.42,-0.038,0.729,1.39,0.992,0.985,56.68,58.07,-0.049
255,KCNN4,0.0,,,0.911,0.754,68.99,68.99,-0.024,,,0.905,0.0,68.99,68.99,-0.101
254,KARS,0.0,,,0.926,0.774,50.61,51.04,-0.175,0.709,1.34,0.939,0.814,50.22,51.56,-0.1
253,JAG2,0.0,0.591,-0.66,0.996,0.995,54.42,53.76,-0.063,1.331,2.63,0.992,0.99,55.21,57.84,-0.047
252,ITGB5,0.0,0.409,0.5,0.904,0.933,61.58,62.08,-0.037,,,0.894,0.766,63.96,65.9,-0.118
251,ITGB3,0.0,0.315,0.2,0.978,0.966,60.14,60.34,-0.05,0.824,1.62,0.991,0.954,62.0,63.62,-0.056
250,ITGB2,0.0,0.354,0.33,0.981,0.967,60.27,60.6,-0.032,0.539,-0.88,0.937,0.947,61.08,60.2,-0.028
249,ITGB1,0.0,,,0.742,0.799,68.99,68.99,-0.036,,,0.187,0.137,68.99,68.99,-0.06
248,ITGAV,0.0,0.42,0.53,0.986,0.987,58.46,58.99,-0.037,0.983,1.97,0.958,0.943,59.27,61.24,-0.029
247,ITGAM,0.0,0.563,0.9,0.981,0.955,60.54,61.44,-0.039,1.128,2.26,0.977,0.935,61.26,63.52,-0.035
246,ITGA5,0.0,0.713,-0.92,0.939,0.903,64.65,63.73,-0.037,0.454,0.59,0.906,0.914,62.77,63.36,-0.035
245,ITGA2B,0.0,0.769,-1.03,0.998,0.996,53.2,52.17,-0.075,0.564,0.94,0.998,0.957,52.39,53.33,-0.082
244,ITFG3,0.0,0.382,0.42,0.893,0.886,62.59,63.01,-0.029,0.888,-1.78,0.928,0.917,61.69,59.91,-0.029
243,ITFG1,0.0,0.304,0.14,0.977,0.981,52.76,52.9,-0.05,,,0.546,0.331,68.99,68.99,-0.014
242,IQGAP2,0.0,0.334,0.04,0.999,0.998,48.97,49.01,-0.187,0.318,0.07,0.997,0.995,48.44,48.51,-0.206
241,IQGAP1,0.0,0.352,-0.02,0.995,0.998,51.24,51.22,-0.471,0.328,0.11,0.996,0.997,51.05,51.16,-1.119
240,IL6ST,0.0,0.751,1.3,0.935,0.943,57.08,58.38,-0.032,0.452,-0.6,0.956,0.989,55.84,55.24,-0.045
239,IL27RA,0.0,0.312,0.19,0.981,0.99,53.93,54.12,-0.061,0.427,-0.51,0.994,0.996,54.11,53.6,-0.057
238,IL18R1,0.0,0.396,0.46,0.995,0.998,51.48,51.94,-0.095,0.406,0.42,0.992,0.994,51.33,51.75,-0.095
237,IL17RC,0.0,0.441,0.59,0.997,0.983,51.63,52.22,-0.096,0.537,0.86,0.984,0.995,51.65,52.51,-0.098
236,IL17RA,0.0,0.559,0.89,0.987,0.992,51.39,52.28,-0.066,0.387,0.35,0.997,0.996,52.14,52.49,-0.064
202,GPRC5B,0.0,0.334,0.04,0.97,0.87,60.37,60.41,-0.177,0.549,-0.91,0.975,0.974,55.98,55.07,-0.056
200,GPI,0.0,2.041,3.09,0.987,0.988,51.83,54.92,-0.078,0.401,0.4,0.99,0.959,57.1,57.5,-0.17
136,CTTN,0.0,,,0.0,0.567,62.66,63.15,-0.674,,,0.0,0.554,62.73,62.12,-0.672
167,ERP29,0.0,,,0.623,0.845,67.89,60.62,-0.045,,,0.582,0.896,68.99,54.72,-0.052
165,EPS15,0.0,0.313,0.11,0.999,0.998,50.42,50.53,-0.196,0.321,0.08,0.999,0.998,49.89,49.97,-0.114
164,EPHB4,0.0,0.325,0.07,0.999,0.999,46.03,46.1,-0.194,0.432,-0.53,1.0,1.0,46.02,45.49,-0.201
163,EPCAM,0.0,0.343,0.01,0.99,0.991,56.2,56.21,-0.04,1.235,2.46,0.997,0.989,55.95,58.41,-0.039
162,ENTPD3,0.0,0.598,0.98,0.997,0.977,56.3,57.28,-0.055,0.407,-0.44,0.977,0.976,57.62,57.18,-0.058
161,ENTPD1,0.0,0.432,-0.26,0.982,0.947,58.54,58.28,-0.041,0.403,0.41,0.979,0.966,59.2,59.61,-0.051
160,ENPP3,0.0,0.306,0.17,0.893,0.927,67.28,67.45,-0.022,,,0.808,0.705,68.12,68.99,-0.02
159,ENO1,0.0,0.542,0.85,0.942,0.951,59.04,59.89,-0.213,0.416,-0.47,0.957,0.988,59.53,59.06,-0.126
158,EMR2,0.0,0.441,0.59,0.944,0.901,60.82,61.41,-0.084,0.588,1.01,0.913,0.907,61.29,62.3,-0.102
157,EMP3,0.0,,,0.0,0.0,68.99,37.0,-0.0,,,0.0,0.0,37.0,68.99,-0.0
156,EIF5,0.0,0.502,0.75,0.989,0.996,50.21,50.96,-1.183,0.308,-0.04,0.998,0.996,50.67,50.63,-0.176
155,EFNB1,0.0,0.382,0.42,0.997,0.993,52.91,53.33,-0.066,0.307,0.02,0.991,0.995,53.52,53.54,-0.068
154,EEF2,0.0,0.325,0.07,0.969,0.982,59.07,59.14,-0.141,0.46,0.61,0.959,0.98,58.3,58.91,-0.122
153,EEA1,0.0,,,0.734,0.759,68.99,68.76,-0.023,,,0.556,0.22,68.99,68.99,-0.012
152,ECM1,0.0,,,0.0,0.0,37.0,68.8,-0.0,,,0.0,0.0,68.92,37.0,-0.0
151,ECE1,0.0,,,0.312,0.257,68.99,68.99,-0.011,,,0.0,0.0,68.99,68.97,-0.0
150,DSG2,0.0,0.441,0.59,0.981,0.982,54.36,54.95,-0.085,0.457,0.6,0.985,0.982,55.08,55.68,-0.118
149,DSC2,0.0,0.409,0.5,0.997,0.998,53.79,54.29,-0.076,0.595,1.03,0.998,0.976,54.31,55.34,-0.074
148,DNM2,0.0,0.488,-0.41,0.924,0.969,52.52,52.11,-0.1,0.318,0.07,0.999,0.996,51.04,51.11,-0.099
147,DNAJA2,0.0,0.502,0.75,0.996,0.994,51.93,52.68,-0.121,0.418,-0.48,0.997,0.993,52.26,51.78,-0.094
146,DNAJA1,0.0,0.751,1.3,0.986,0.974,52.2,53.5,-0.108,0.439,0.54,0.998,0.996,52.09,52.63,-0.18
145,DLK1,0.0,,,0.0,0.0,37.0,37.0,0.0,,,0.0,0.0,37.0,68.99,-0.004
144,DJ-1,0.0,0.857,1.5,0.984,0.969,58.53,60.03,-0.287,0.393,0.37,0.994,0.991,58.66,59.03,-0.146
143,DIAPH1,0.0,0.31,0.12,0.998,0.999,48.58,48.7,-0.144,0.497,-0.75,0.999,0.999,48.72,47.97,-0.133
142,DDR1,0.0,0.319,0.09,0.999,0.998,48.79,48.88,-0.132,0.338,-0.17,0.998,0.997,48.91,48.74,-0.124
141,DCI,0.0,,,0.0,0.0,37.0,37.0,0.0,,,0.0,0.0,37.0,37.0,0.0
140,DCBLD2,0.0,0.536,-0.53,0.996,0.995,56.83,56.3,-0.059,0.432,-0.53,0.989,0.997,56.01,55.48,-0.059
139,DAG1,0.0,0.51,0.77,0.914,0.885,62.2,62.97,-0.033,,,0.838,0.783,66.16,66.95,-0.042
138,CUTA,0.0,,,0.0,0.0,68.99,68.99,-0.192,,,0.0,0.0,68.99,68.99,-0.121
137,CUL5,0.0,0.334,0.04,0.976,0.998,57.64,57.68,-0.156,0.352,0.21,0.99,0.968,52.1,52.31,-0.139
166,ERLIN2,0.0,0.384,-0.12,0.944,0.963,51.18,51.06,-0.952,0.516,-0.81,0.991,0.984,51.89,51.08,-0.124
168,ESAM,0.0,0.334,0.04,0.895,0.921,64.41,64.45,-0.026,0.414,0.45,0.883,0.868,67.42,67.87,-0.025
199,GP1BB,0.0,0.713,-0.92,0.978,0.961,59.0,58.08,-0.038,0.332,0.13,0.972,0.966,57.97,58.1,-0.032
169,EVI2B,0.0,,,0.323,0.293,68.99,68.99,-0.007,,,0.0,0.0,37.0,37.0,0.0
198,GOT2,0.0,,,0.0,0.0,37.0,68.99,-0.0,,,0.0,0.0,68.72,37.0,-0.794
197,GNB2L1,0.0,0.411,-0.2,0.986,0.949,57.4,57.2,-0.075,1.661,-3.18,0.976,0.963,57.32,54.14,-0.07
196,GNB1,0.0,0.413,0.51,0.99,0.996,56.45,56.96,-0.33,0.579,-1.0,0.994,0.962,56.86,55.86,-0.19
195,GNAI3,0.0,1.265,-1.84,0.991,0.995,55.21,53.37,-0.198,0.529,-0.85,0.983,0.984,56.08,55.23,-0.102
194,GLG1,0.0,,,0.0,0.0,37.0,68.99,-0.004,,,0.0,0.0,37.0,37.0,0.0
193,GLB1L2,0.0,0.938,1.64,0.955,0.833,57.24,58.88,-0.042,,,0.433,0.03,51.13,68.99,-0.098
192,GGT5,0.0,0.86,-1.2,0.948,0.961,56.45,55.25,-0.045,0.576,-0.99,0.961,0.962,57.14,56.15,-0.053
191,GGT1,0.0,1.135,-1.65,0.875,0.908,67.68,66.03,-0.025,,,0.801,0.796,68.16,67.51,-0.02
190,GGH,0.0,,,0.0,0.0,37.0,37.0,0.0,,,0.0,0.0,37.0,37.0,0.0
189,GAPDH,0.0,0.593,0.97,0.873,0.968,61.12,62.09,-0.29,0.34,0.16,0.888,0.801,61.55,61.71,-0.25
188,G6PD,0.0,0.392,0.45,0.993,0.997,53.98,54.43,-0.217,0.307,0.02,0.992,0.997,53.79,53.81,-0.175
187,FMNL1,0.0,0.688,-0.87,0.996,0.994,47.86,46.99,-0.088,3.969,5.84,0.851,0.998,39.36,45.2,-0.85
186,FLVCR1,0.0,0.366,0.37,0.965,0.94,62.37,62.74,-0.281,0.382,0.33,0.944,0.902,62.47,62.8,-0.263
185,FLOT1,0.0,0.693,-0.88,0.983,0.974,54.92,54.04,-0.103,1.136,-2.29,0.977,0.924,54.9,52.61,-0.076
184,FLNC,0.0,0.358,-0.04,0.996,0.998,52.14,52.1,-0.105,0.336,-0.16,0.996,0.996,51.31,51.15,-0.102
183,FLNB,0.0,0.354,0.33,0.998,0.998,52.07,52.4,-0.2,0.49,0.71,0.999,0.998,52.06,52.77,-0.221
182,FLNA,0.0,0.437,0.58,0.998,0.999,49.82,50.4,-0.199,0.314,0.05,0.995,0.998,50.75,50.8,-0.248
181,FERMT3,0.0,0.347,0.31,0.996,0.999,50.02,50.33,-0.179,0.353,-0.23,0.995,0.994,49.65,49.42,-0.149
180,FEN1,0.0,0.325,0.07,0.995,0.995,48.06,48.13,-0.147,0.432,-0.53,0.998,0.998,47.7,47.17,-0.149
179,FCGR2C,0.0,1.066,1.85,0.961,0.923,64.18,66.03,-0.037,1.625,3.11,0.933,0.908,65.88,68.99,-0.031
178,FCGR2B,0.0,0.534,0.83,0.963,0.968,57.99,58.82,-0.054,0.337,0.15,0.987,0.98,58.66,58.81,-0.062
177,FAT1,0.0,0.563,0.9,0.996,0.997,51.66,52.56,-0.099,1.826,3.41,0.99,0.985,51.86,55.27,-0.087
176,FASN,0.0,0.374,-0.09,0.991,0.989,51.52,51.43,-0.167,0.527,0.83,0.992,1.0,51.57,52.4,-0.293
175,FAM62A,0.0,0.323,0.23,0.998,0.999,47.72,47.95,-0.128,0.438,-0.55,0.999,0.999,48.09,47.54,-0.116
174,FAM49B,0.0,0.567,0.91,0.995,0.998,54.71,55.62,-0.17,0.317,-0.08,0.988,0.994,54.68,54.6,-0.161
173,FAM171A1,0.0,0.565,-0.6,0.996,0.995,52.59,51.99,-0.085,0.63,1.13,0.993,0.993,52.47,53.6,-0.081
172,F5,0.0,0.88,1.54,0.977,0.981,57.56,59.1,-0.055,0.487,0.7,0.986,0.992,58.37,59.07,-0.08
171,F2RL3,0.0,1.854,-2.58,0.917,0.912,59.54,56.96,-0.047,0.382,0.33,0.944,0.915,57.01,57.34,-0.045
170,EZR,0.0,0.32,0.22,0.996,0.996,52.61,52.83,-0.336,0.315,-0.07,0.998,0.999,52.42,52.35,-0.365
530,ZYX,0.0,0.35,0.32,0.829,0.93,60.63,60.95,-0.049,0.394,-0.39,0.987,0.985,56.43,56.04,-0.066
